Ngày đăng,Tiêu đề,Giá,Diện tích,Địa chỉ,Mô tả,Link
"Thứ 2, 18:16 27/07/2026","CC, ngõ 383 Trần Đại Nghĩa, căn 2 ngủ 1 phụ, 30m, 5,2tr",5.2 triệu/tháng,30 m2,"Hai Bà Trưng, Hà Nội","Vị trí: Ngõ 383 Trần Đại Nghĩa bán kính khoảng 1km đến các trường ĐH Kinh tế, ĐH Xây Dựng, ĐH Bách Khoa.Nhà cách mặt phố 10 mét, ngõ ô tô qua thoáng…",https://phongtro123.com/cc-ngo-383-tran-dai-nghia-can-2-ngu-1-phu-30m-5-2tr-pr710261.html
"Thứ 3, 11:00 28/07/2026","Cho thuê CCMN Khép kín, ban công 140 nguyễn xiển, thanh xuân, gần ĐH Nhân Văn",4.5 triệu/tháng,25 m2,"Thanh Xuân, Hà Nội","Cho thuê phòng đủ đồ, khép kín, có ban công tại 140 Nguyễn Xiển, gần DH Nhân Văn, DH Công nghệ GTVT...- Vị trí: ngay ngã tư Nguyễn Xiển - Nguyễn Trãi, gần…",https://phongtro123.com/cho-thue-ccmn-khep-kin-ban-cong-140-nguyen-xien-thanh-xuan-gan-dh-nhan-van-pr620603.html
"Thứ 3, 10:55 28/07/2026","Phòng 86 Âu Cơ (gần trung tâm & đầy đủ tiện ích)Chỉ 3,500,000 VND/tháng",3.5 triệu/tháng,25 m2,"Tây Hồ, Hà Nội","CĂN HỘ GIÁ TỐT CHO THUÊGiá thuê: 3.500.000 VNĐ/thángNhận phòng từ: 01/08/2026Địa chỉ: 86 Đường Âu Cơ, Phường Hồng Hà, Hà Nội",https://phongtro123.com/phong-86-au-co-gan-trung-tam-day-du-tien-ich-chi-3-500-000-vnd-thang-pr710373.html
"Thứ 3, 10:31 28/07/2026","Phòng full đồ ngõ 554 Trường Chinh, gần hồ Khương Thượng, DH Thủy Lợi",3 triệu/tháng,18 m2,"Đống Đa, Hà Nội","Cho thuê phòng trọ gần ĐH Y Hà Nội, ĐH Thủy Lợi, ĐH Công Đoàn, Học viện Ngân hàng, thuận tiện đi học và đi làm.Phòng full nội thất: điều hòa, bình…",https://phongtro123.com/phong-full-do-ngo-554-truong-chinh-gan-ho-khuong-thuong-dh-thuy-loi-pr710366.html
"Thứ 3, 10:28 28/07/2026","Cho thuê 1n1k FULL đồ mới tinh tại 204 Trần Duy Hưng, Phường Trung Hòa, Quận Cầu Giấy, Hà Nội",6.2 triệu/tháng,40 m2,"Cầu Giấy, Hà Nội","CCMN FULL ĐỒ MỜI TINH ở 204 Trần Duy HưngNhà mới vừa xây xong đang hoàn thiện nốt nội thấtPhòng 1n1k rộng rãi thoáng mátVị trí thuận tiện, gần mặt…",https://phongtro123.com/cho-thue-1n1k-full-do-moi-tinh-o-204-tran-duy-hung-cau-giay-ha-noi-pr598014.html
"Thứ 3, 10:27 28/07/2026","Cho thuê phòng Full đồ ngay 138 Hạ Đình, gần DH Khoa học XH Nhân Văn, DH CNGTVT, DH Hà Nội",3.5 triệu/tháng,20 m2,"Thanh Xuân, Hà Nội","Chính chủ cho thuê phòng CCMN full đồ, khép kín tại số 02 ngõ 138 Hạ Đình, Thanh Xuân, Hà Nội- Gần ĐH Thăng Long, ĐH Công Nghệ Giao Thông Vận Tải, ĐH Nhân…",https://phongtro123.com/cho-thue-phong-full-do-ngay-138-ha-dinh-gan-dh-khoa-hoc-xh-nhan-van-dh-cngtvt-dh-ha-noi-pr708017.html
"Thứ 3, 10:27 28/07/2026","Cho thuê phòng full đồ, ban công thoáng tại số 10/144 Hồ Quan Nhân, Thanh Xuân gần DH Nhân Văn",5.5 triệu/tháng,30 m2,"Thanh Xuân, Hà Nội","Cho thuê phòng CCMN full đồ, ban công thoáng tại số 10/144 Hồ Quan Nhân, Thanh Xuân, Hà Nội- Trung tâm Quan Nhân, đối diện Đình Quan Nhân, Ngay cạnh Hồ Quan…",https://phongtro123.com/cho-thue-studio-full-do-tu-a-z-chi-can-sach-vali-den-o-144-quan-nhan-thanh-xuan-ha-noi-pr637980.html
"Thứ 2, 20:00 27/07/2026","Cho thuê CCMN Full đồ, khép kín ngay 05 Tú Mỡ, Cạnh sân bóng Trung Kính",4.9 triệu/tháng,22 m2,"Cầu Giấy, Hà Nội","***Siêu phẩm CCMN sang xịn mịn 7 tầng mới ngay ngõ 05 Tú Mỡ- Vị trí: Ngay sân bóng Trung Kính, Hồ Trung Kính, Đi thông sang Trung Kính, Nguyễn Chánh, cách 200m…",https://phongtro123.com/ccmn-full-do-khep-kin-ban-cong-ngay-204-tran-duy-hung-gan-big-c-pr595768.html
"Thứ 2, 20:00 27/07/2026","Cho thuê Homestay full đồ 1.250k/ng/tháng ngay ngã tư sở 554 Trường Chinh gần DY Thủy Lợi, DH Y",1.25 triệu/tháng,20 m2,"Đống Đa, Hà Nội","Cho thuê homestay giường tầng tại số 128/554 Trường Chinh, Ngã tư sở, gần Thủy Lợi, Công Đoàn, ĐH Y Hà Nội, HV Ngân Hàng- Giá thuê 1.250k/ng/tháng + Điện…",https://phongtro123.com/cho-thue-homestay-full-do-1-350k-ng-thang-ngay-nga-tu-so-554-truong-chinh-gan-dy-thuy-loi-dh-y-pr680932.html
"Thứ 2, 17:35 27/07/2026","Trọ Đơn giá rẻ , WC chung tại 409 Kim Mã",1.5 triệu/tháng,10 m2,"Ba Đình, Hà Nội","Tại ngõ 409 Kim Mã, Ba Đình, Hà Nội, gần ĐH Ngoại Thương, ĐH Luật, Học viện Thanh Thiếu Niên, Học viện Phụ nữ.Giá chỉ từ 1,8 – 2,2…",https://phongtro123.com/tro-don-gia-re-wc-chung-tai-409-kim-ma-pr710339.html
"Thứ 2, 17:33 27/07/2026",Phòng trọ đơn giá rẻ tại Nguyên Hồng giao Nguyễn CHí Thanh,1.5 triệu/tháng,8 m2,"Đống Đa, Hà Nội","Phòng trọ đơn giá siêu yêu tại ngõ 18 Nguyên Hồng , chỉ 1tr8-2tr2 Gần các trường đh lớn : Ngoại Thương, Luật, học viên thanh thiếu niên, hv phụ nữ…Wc…",https://phongtro123.com/phong-tro-don-gia-re-tai-nguyen-hong-giao-nguyen-chi-thanh-pr693119.html
"Thứ 2, 16:44 27/07/2026","Cho Thuê Phòng Khép Kín Ngõ 6 Quần Ngựa, Giờ Giấc Tự Do, Nội Thất Mới, Sáng Thoáng, Full Đồ Ở Ngay",4.5 triệu/tháng,28 m2,"Ba Đình, Hà Nội","- Phòng studio 28m2, 4tr5, đầy đủ tiện nghi, nội thất mới: hút mùi, tủ lạnh, nóng lạnh, điều hoà tiết kiệm điện- Không gian hiện đại sáng thoáng có…",https://phongtro123.com/cho-thue-phong-khep-kin-ngo-6-quan-ngua-gio-giac-tu-do-noi-that-moi-full-do-o-ngay-pr710333.html
"Thứ 2, 15:32 27/07/2026","Full Đồ Ở Ngay, 40M2 4TR SẮP HẾT, 183Vũ Tông Phan, Khương Đình, ĐH Nhân Văn, Y, Thuỷ Lợi Bơi Hết Vào",4.2 triệu/tháng,40 m2,"Thanh Xuân, Hà Nội","- Phòng gác xép 40m2, 4tr2, giá tốt nhất khu vực, còn 2 phòng sắp hết- Đầy đủ tiện nghi, nội thất mới từ A-Z: Bếp hồng ngoại, hút mùi, tủ lạnh,…",https://phongtro123.com/full-do-o-ngay-40m2-4tr-sap-het-183vu-tong-phan-khuong-dinh-dh-nhan-van-y-thuy-loi-boi-het-vao-pr710331.html
"Thứ 2, 15:00 27/07/2026","Cho thuê phòng Full đồ ngay 138 Hạ Đình, gần DH Khoa học XH Nhân Văn, DH CNGTVT, DH Hà Nội",3.3 triệu/tháng,20 m2,"Thanh Xuân, Hà Nội","Chính chủ cho thuê phòng CCMN full đồ, khép kín tại số 02 ngõ 138 Hạ Đình, Thanh Xuân, Hà Nội- Gần ĐH Thăng Long, ĐH Công Nghệ Giao Thông Vận Tải, ĐH Nhân…",https://phongtro123.com/cho-thue-phong-ccmn-full-do-ngay-138-ha-dinh-gan-dh-khoa-hoc-xh-nhan-van-dh-cngtvt-dh-ha-noi-pr637652.html
"Chủ Nhật, 08:20 26/07/2026",Cho thuê Phòng Khép kín - SN 48 Chính Kinh - Thanh Xuân - Hà Nội,3 triệu/tháng,22 m2,"Thanh Xuân, Hà Nội",- Diện tích phòng P 301: 22m2+ 5m2 gác xép- 02 Ban công –mỗi ban công 3m2- 02 Cửa sổ nên rất thoáng- 01 Tủ lạnh- 01 Máy giặt 7 kg-01 Lò vi song- 01 Điều…,https://phongtro123.com/cho-thue-phong-khep-kin-sn-48-chinh-kinh-thanh-xuan-ha-noi-pr710259.html
"Thứ 7, 21:57 25/07/2026","CHO THUÊ PHÒNG TRỌ KHÉP KÍN TẠI MAI DỊCH, CẦU GIẤY, HÀ NỘI - GIÁ 3TR/ THÁNG",3 triệu/tháng,20 m2,"Cầu Giấy, Hà Nội","CHO THUÊ PHÒNG TRỌ KHÉP KÍN TẠI MAI DỊCH, CẦU GIẤY, HÀ NỘI - GIÁ 3TR/ THÁNG* Địa chỉ: Ngách 64, ngõ 105 Doãn Kế Thiện (gần ĐH Thương mại, ĐH Sư phạm,…",https://phongtro123.com/cho-thue-phong-tro-khep-kin-tai-mai-dich-cau-giay-ha-noi-gia-3tr-thang-pr710250.html
"Thứ 7, 21:47 25/07/2026","Cho thuê phòng tại Nguyễn An Ninh, Trương Định gần ĐHKT, XD, BK",3.5 triệu/tháng,25 m2,"Hoàng Mai, Hà Nội","Cho thuê chung cư mini, phòng trọ tại Số 57 Ngõ 35 Phố Nguyễn An Ninh - Tương Mai - Hoàng Mai – Hà Nội.(Chính chủ )- Phòng đẹp, Còn phòng ~25m2 giá 3,5 tr…",https://phongtro123.com/cho-thue-phong-tro-tai-nguyen-an-ninh-truong-dinh-gan-dhkt-xd-bk-pr315520.html
"Thứ 7, 16:33 25/07/2026","Phòng trọ Mễ Trì, Đồng Me, Nam Từ Liêm",4.1 triệu/tháng,30 m2,"Nam Từ Liêm, Hà Nội","Nhượng phòng trọ khu vực Đồng Me, Mễ Trì, Nam Từ Liêm, diện tích 30m2. Cửa sổ , ban công thoáng mát, đầy đủ nội thất, nấu ăn bên ngoài, có gác để…",https://phongtro123.com/phong-tro-me-tri-dong-me-nam-tu-liem-pr710239.html
"Thứ 7, 14:57 25/07/2026","PASS PHÒNG KHÉP KÍN FULL ĐỒ TẠI MỄ TRÌ, NAM TỪ LIÊM, HÀ NỘI CHỈ HƠN 4TR/ THÁNG",4.55 triệu/tháng,26 m2,"Nam Từ Liêm, Hà Nội","PASS PHÒNG KHÉP KÍN FULL ĐỒ TẠI MỄ TRÌ, NAM TỪ LIÊM, HÀ NỘI CHỈ HƠN 4TR/ THÁNG* Địa chỉ: Số 16, ngách 117, ngõ 32 Đỗ Đức Dục, Mễ Trì, Nam Từ Liêm, Hà…",https://phongtro123.com/pass-phong-khep-kin-full-do-tai-me-tri-nam-tu-liem-ha-noi-chi-hon-4tr-thang-pr710233.html
"Thứ 7, 09:45 25/07/2026",Phòng trọ khép kín 32m2 khu trung tâm cầu giấy,3.2 triệu/tháng,32 m2,"Cầu Giấy, Hà Nội","Phòng trọ khép kín 32m2 khu trung tâm cầu giấy, giao thông thuận tiện, gần các trường cấp 1, 2, 3, đại học. Trang bị có sẵn như điều hòa, quạt trần, bình…",https://phongtro123.com/phong-tro-khep-kin-32m2-khu-trung-tam-cau-giay-pr707201.html
"Thứ 7, 09:32 25/07/2026","NHÀ 26 NGÕ 5 TÂN MỸ, MỸ ĐÌNH 1 – NAM TỪ LIÊMTRỐNG PHÒNG 201 giá 3.9tr khép kín ở luôn",3.9 triệu/tháng,25 m2,"Nam Từ Liêm, Hà Nội","Mặt sau SVĐ Mỹ Đình, gần:CĐ Bách Khoa, FPT, Đông Á, Thành Đô, Đại Việt, Bách Nghệ, ĐH Thương Mại, Sân khấu Điện ảnh...phòng vs khép kín như ảnh…",https://phongtro123.com/nha-26-ngo-5-tan-my-my-dinh-1-nam-tu-liem-trong-phong-201-gia-3-9tr-khep-kin-o-luon-pr710215.html
"Thứ 7, 08:10 25/07/2026",Phòng Trọ Sinh Viên 800K/Tháng phòng tập thể và khép kín,800.000 đồng/tháng,12 m2,"Hà Đông, Hà Nội","Nhà 3 tầng còn 6 phòng cho thuê.Diện tích từ 12m2. Phòng khép kín và tập thể giá từ 800.000/th.Gần Viện Bỏng, Quân Y 103, các trường An Ninh, Bưu Chính,…",https://phongtro123.com/tinh-thanh/ha-noi/phong-tro-sinh-vien-800k-1500k-thang-phong-tap-the-va-khep-kin.html
"Thứ 6, 20:03 24/07/2026",Cho thuê Phòng 30m2: Giá 2tr5 - Tầng 1,2.5 triệu/tháng,30 m2,"Bắc Từ Liêm, Hà Nội","HÒNG NGÕ 7 NHẬT TẢO, BẮC TỪ LIÊMPhòng 30m2: Giá 2tr5 - Tầng 1có bếp, giường, sofa, bàn, kệ để đồ, bếp nấu như ảnh, có quạt trầnvsc với 1 phòng…",https://phongtro123.com/phong-30m2-gia-2tr5-tang-1-pr710199.html
"Thứ 6, 19:26 24/07/2026",Võ Thị Sáu Phòng trọ CCMN KK 18m2 mới trống an ninh tốt sạch thoáng tiện nghi PCCC,3 triệu/tháng,18 m2,"Hai Bà Trưng, Hà Nội","Mình hiện còn 1 phòng trọ mới trống 18m².ĐC: Số 28 ngõ 84 Phố Võ Thị Sáu - Hai Bà Trưng - HN.Phòng riêng biệt, thoáng mát, điện nuớc đầy đủ chỉ…",https://phongtro123.com/vo-thi-sau-phong-tro-kk-18m2-moi-trong-an-ninh-tot-sach-thoang-tien-nghi-2-pr685374.html
"Thứ 6, 15:44 24/07/2026","PHÒNG TRỌ 15M2 CHO NỮ SINH VIÊN/ NỮ ĐI LÀM, ĐƯỜNG KIM MÃ",1.4 triệu/tháng,15 m2,"Ba Đình, Hà Nội","- TIỀN ĐIỆN CÓ CÔNG TƠ RIÊNG THEO GIÁ DÂN- CÓ KHU NẤU ĂN, PHƠI ĐỒ RIÊNG HỢP LÝ- PHÒNG TRỌ KHU DÂN CƯ YÊN TĨNH, GẦN CHỢ, SIÊU THỊ, TRƯỜNG HỌC- ĐI…",https://phongtro123.com/phong-tro-15m2-cho-nu-sinh-vien-nu-di-lam-duong-kim-ma-pr710190.html
"Thứ 6, 14:42 24/07/2026","Ở Ngay Phòng Studio 35 Tu Hoàng - Gần Ga Metro Nhổn, ĐH Công Nghiệp - Nội Thất Mới, Đầy Đủ Tiện Nghi",3.3 triệu/tháng,25 m2,"Bắc Từ Liêm, Hà Nội","- Phòng 25m2, đầy đủ tiện nghi, nội thất mới đầy đủ: Bếp hồng ngoại, hút mùi, tủ lạnh, nóng lạnh, giường tủ- Giờ giấc tự do, an ninh đảm bảo,…",https://phongtro123.com/o-ngay-phong-studio-35-tu-hoang-gan-ga-metro-nhon-dh-cong-nghiep-noi-that-moi-day-du-tien-nghi-pr710184.html
"Thứ 6, 12:01 24/07/2026","Chính chủ cho thuê phòng trong CCMN mới khai trương ở Tổ 7 Yên Nghĩa, cách Phenika 1km.",3.3 triệu/tháng,15 m2,"Hà Đông, Hà Nội","+ Nhà mới xây xong, đồ đạc mới tinh+ Trang bị riêng mỗi phòng: gác xép/ giường tầng, tủ quần áo, khu bếp nấu ăn, tủ bát, chậu rửa, điều hòa, nóng…",https://phongtro123.com/chinh-chu-cho-thue-phong-trong-ccmn-moi-khai-truong-o-to-7-yen-nghia-cach-phenika-1km-pr710038.html
"Thứ 6, 10:25 24/07/2026","CHO THUÊ PHÒNG – PHÚ MỸ-LÊ ĐỨC THỌ , NAM TỪ LIÊM - Giá chỉ 2,XXX triệu",2.9 triệu/tháng,20 m2,"Nam Từ Liêm, Hà Nội","Địa chỉ:29 ngách 63/30 Lê Đức Thọ Nội thất cơ bản Điều hòa Giường + đệm + tủ quần áo Bình nóng lạnh Phòng sạch đẹp, khóa cửa vân tay,…",https://phongtro123.com/cho-thue-phong-phu-my-le-duc-tho-nam-tu-liem-gia-chi-2-xxx-trieu-pr710159.html
"Thứ 6, 09:47 24/07/2026","CHO THUÊ PHÒNG 30m² - VĂN QUÁN, HÀ ĐÔNG",4.5 triệu/tháng,30 m2,"Hà Đông, Hà Nội","Phòng 216 KTT Cao đẳng Xây dựng số 1Sát Hồ Văn Quán, sau ĐH Kiến trúc Hà NộiGần ĐH Kiến trúc, An ninh, Y học Cổ truyền, BCVT, ĐH Hà Nội...WC riêng,…",https://phongtro123.com/cho-thue-phong-30m2-van-quan-ha-dong-pr710155.html
"Thứ 5, 17:54 23/07/2026","Yên Duyên, Hoàng Mai- Cho thuê phòng trọ khép kín, an ninh, dân trí",1.3 triệu/tháng,16 m2,"Hoàng Mai, Hà Nội","Cho thuê phòng trọ khép kín, khu vực an ninh, gần chợ, trường học, siêu thị. Giá 1.3 triệu/tháng. Liên hệ 03688736302.",https://phongtro123.com/yen-duyen-hoang-mai-cho-thue-phong-tro-khep-kin-an-ninh-dan-tri-pr710129.html
"Thứ 5, 14:47 23/07/2026",CHÍNH CHỦ CHO THUÊ PHÒNG KHÉP KÍN ĐỦ ĐỒ – CỔNG CHÀO AN KHÁNH,3 triệu/tháng,25 m2,"Hoài Đức, Hà Nội","CHÍNH CHỦ CHO THUÊ PHÒNG KHÉP KÍN ĐỦ ĐỒ – CỔNG CHÀO AN KHÁNHCách Cổng chào 400m, sang Vin rất gần, để được ô tô giá 3 triệu Địa chỉ: 33 Đồng…",https://phongtro123.com/chinh-chu-cho-thue-phong-khep-kin-du-do-cong-chao-an-khanh-pr710115.html
"Thứ 5, 14:42 23/07/2026",CÒN 1P KHÉP KÍN NỘI THẤT XỊN XÒ TẠI NGÕ 122 DO NHA ( CHỢ MIÊU NHA),3.5 triệu/tháng,25 m2,"Nam Từ Liêm, Hà Nội","CÒN 1P KHÉP KÍN NỘI THẤT XỊN XÒ TẠI NGÕ 122 DO NHA ( CHỢ MIÊU NHA)Giá 3,5tr tháng đầu giảm 300k View Vin Smart City, gần Cầu Cốc, Cao đẳng Y Phòng khép…",https://phongtro123.com/con-1p-khep-kin-noi-that-xin-xo-tai-ngo-122-do-nha-cho-mieu-nha-pr710113.html
"Thứ 5, 10:49 23/07/2026","NHƯỢNG PHÒNG DO MÌNH CHUYỂN CÔNG TÁC, GẦN ĐẠI HỌC PHENIKA, ĐẠI NAM ĐƯỜNG DỄ ĐI",3.5 triệu/tháng,30 m2,"Hoài Đức, Hà Nội","Gần ĐH Phenikaa, ĐH Đại Nam 3-4km (553 đông la)- Dịch vụ:+ Nước 25k/khối+ Điện 3k8+ Mạng 100k/phòng+ VSC, thanh máy 100k/người+ Máy giặt:…",https://phongtro123.com/nhuong-phong-do-minh-chuyen-cong-tac-gan-dai-hoc-phenika-dai-nam-duong-de-di-pr710101.html
"Thứ 5, 10:02 23/07/2026",Cho thuê phòng trọ khu bkx 191 Minh Khai,5.5 triệu/tháng,20 m2,"Hai Bà Trưng, Hà Nội","Chủ Nhà Cho Thuê Tầng 2 Ngõ 191 Minh KhaiCho Thuê Trọ Sớm Cho Tân Sinh Viên 2k8 Giá Mềm+P202 – DT: 18m^2. Có Nhà Vệ Sinh Khép Kín, Có Đủ Nóng Lạnh Điều…",https://phongtro123.com/cho-thue-nha-tro-tang-2-ngay-tuyen-duong-minh-khai-pr710094.html
"Thứ 5, 08:44 23/07/2026",Cho thuê phòng trọ giá rẻ từ 3tr đến 3tr5,3 triệu/tháng,17 m2,"Nam Từ Liêm, Hà Nội","Nhà ở gần khu cội nguồn viên tàu điện xe buýt giá rẻ tiện ích nhiều nhà mới sửaĐịa chỉ: 18/41 ngõ 199 đường Hồ Tùng Mậu ,Nam Từ Liêm HNGiá rẻ…",https://phongtro123.com/cho-thue-phong-tro-gia-re-tu-3tr-den-3tr5-pr710088.html
"Thứ 4, 13:44 22/07/2026","CHO THUÊ PHÒNG TRỌ GIÁ TỐT – ĐỊNH CÔNG, HOÀNG MAI",2.9 triệu/tháng,20 m2,"Hoàng Mai, Hà Nội","️Điều hòa mát lạnh️ WC riêng, cửa sổ & ban công thoáng️ Có kệ bếp, tủ quần áo️ Giờ giấc tự do, không chung chủ️ Gần ĐH Thăng Long, ĐH Y Hà…",https://phongtro123.com/cho-thue-phong-tro-gia-tot-dinh-cong-hoang-mai-pr710058.html
"Thứ 4, 13:08 22/07/2026","Cho thuê CCMN Full đồ có ban công cửa sổ tại 73 Hoàng Ngân, Quan Nhân",4.8 triệu/tháng,22 m2,"Thanh Xuân, Hà Nội","Cho thuê phòng mới tinh, full đồ, rộng thoáng, có ban công cửa sổ tại 73 Hoàng Ngân, Quan Nhân- Vị trí trung tâm, thuận tiện đi lại. Đi thông sang Lê Văn…",https://phongtro123.com/cho-thue-ccmn-co-ban-cong-cua-so-tai-73-hoang-ngan-quan-nhan-pr690230.html
"Thứ 4, 13:04 22/07/2026","Cho thuê phòng full đồ, ban công ngõ 554 Trường Chinh, ngã tư sở, ngay cổng sau DH Thủy Lợi, ĐH Y",3 triệu/tháng,20 m2,"Đống Đa, Hà Nội","Cho thuê phòng full đồ tại số 128/554 Trường Chinh, Ngã tư sở, gần Thủy Lợi, Công Đoàn, ĐH Y Hà Nội, HV Ngân Hàng- Vị trí: ngay ngã tư Sở - Trường Chinh,…",https://phongtro123.com/phong-full-do-2-x-ngo-554-truong-chinh-nga-tu-so-gan-thuy-loi-dh-y-pr675124.html
"Thứ 4, 09:00 22/07/2026","Phòng trọ siêu rộng ngay Trần Bình, Cầu Giấy",4.5 triệu/tháng,29 m2,"Cầu Giấy, Hà Nội","Hỗ trợ thuê:Địa chỉ : số 5, ngõ 58/3 Trần Bình, Mai dịch, Cầu GiấyTrống giá 4tr5 ( không có tủ lạnh , có tủ lạnh 4tr8 5tr…",https://phongtro123.com/phong-tro-sieu-rong-ngay-tran-binh-cau-giay-pr647567.html
"Thứ 3, 21:16 21/07/2026","Cho Nũ thuê phòng trong ngõ phố Kim Mã, full options",3 triệu/tháng,32 m2,"Ba Đình, Hà Nội","- Full Options : Điều hòa, nước Nóng Lạnh, tủ quần áo đôi, lò vi sóng, sân phơi, để xe…- Cửa sổ nhìn ra không gian mở, đi chợ + chùa + nhà thờ trong 2’…",https://phongtro123.com/cho-nu-thue-phong-trong-ngo-pho-kim-ma-full-options-pr710029.html
"Thứ 3, 21:05 21/07/2026","CHO THUÊ PHÒNG KHÉP KÍN – PHỐ PHÚ VIÊN, PHƯỜNG BỒ ĐỀ, QUẬN LONG BIÊN - GẦN CẦU CHƯƠNG DƯƠNG",4.5 triệu/tháng,30 m2,"Long Biên, Hà Nội","CHO THUÊ PHÒNG KHÉP KÍN – PHỐ PHÚ VIÊN,PHƯỜNG BỒ ĐỀ, QUẬN LONG BIÊN- GẦN CẦU CHƯƠNG DƯƠNG- Chỉ 5 phút sang Phố Cổ, thuận tiện di chuyển vào trung…",https://phongtro123.com/cho-thue-phong-khep-kin-pho-phu-vien-phuong-bo-de-quan-long-bien-gan-cau-chuong-duong-pr710028.html
"Thứ 3, 11:33 21/07/2026","CHO THUÊ PHÒNG TRỌ KHÉP KÍN MỚI XÂY – NGÕ QUỲNH, THANH NHÀN 2026",3.3 triệu/tháng,16 m2,"Hai Bà Trưng, Hà Nội","Mình có nhà trọ mới xây, gồm 04 phòng khép kín, sạch sẽ, thoáng mát, có sân chung. Ưu tiên người đi làm, sinh viên ở ổn định, sạch sẽ, văn minh.Thông…",https://phongtro123.com/cho-thue-phong-tro-khep-kin-moi-xay-ngo-quynh-thanh-nhan-2026-pr709999.html
"Thứ 3, 11:18 21/07/2026",Phòng mới (Ở ngay) - Cho thuê tại Mễ Trì Thượng - Hà Nội,4.5 triệu/tháng,25 m2,"Nam Từ Liêm, Hà Nội","Phòng mới xây (Có thể ở ngay) tại Mễ Trì Thượng - Hà Nội- Liên hệ xem phòng: 0392503383- Đầy đủ nội thất (Quạt trần, điều hoà, giường, tủ quần…",https://phongtro123.com/phong-moi-o-ngay-cho-thue-tai-me-tri-thuong-ha-noi-pr709997.html
"Thứ 3, 10:46 21/07/2026","CẦN NHƯỢNG LẠI PHÒNG CCMN – NGÕ 20 TẢ THANH OAI, THANH TRÌ, HÀ NỘI GIÁ 3TR500K",3.5 triệu/tháng,38 m2,"Thanh Trì, Hà Nội","CẦN NHƯỢNG LẠI PHÒNG CCMN – NGÕ 20 TẢ THANH OAI, THANH TRÌ, HÀ NỘI GIÁ 3TR500K* Diện tích: 38m2* Địa chỉ: Ngõ 20 Tả Thanh Oai- Phòng mới, sạch sẽ, thoáng…",https://phongtro123.com/can-nhuong-lai-phong-ccmn-ngo-20-ta-thanh-oai-thanh-tri-ha-noi-gia-3tr500k-pr709994.html
"Thứ 3, 09:22 21/07/2026","Cho thuê phòng cho sinh viên, người đi làm (chỉ cho nữ thuê)",4.3 triệu/tháng,40 m2,"Đống Đa, Hà Nội","Cho thuê phòng T4, tại ngõ 61 Tôn Đức Thắng, phường Văn Miếu - Quốc Tử Giám, HN, sẵn điều hòa, tủ lạnh, máy giặt, Phòng 30m thoáng mát, Vs 5 m sạch sẽ,…",https://phongtro123.com/cho-thue-phong-cho-sinh-vien-nguoi-di-lam-chi-cho-nu-thue-pr709986.html
"Thứ 2, 19:47 20/07/2026",Cho thuê phòng trọ khép kín phố Kim Ngưu (Nhà chính chủ – Miễn Trung Gian). 3-999-86-7-76,2.2 triệu/tháng,17 m2,"Hai Bà Trưng, Hà Nội","Giữa lòng Hà Nội đông đúc và hối hả, ai cũng mong tìm được một chốn dừng chân vừa đủ riêng tư, vừa đủ ấm áp để trở về sau những bộn bề của…",https://phongtro123.com/cho-thue-phong-tro-khep-kin-pho-kim-nguu-nha-chinh-chu-mien-trung-gian-3-999-86-7-76-pr709973.html
"Thứ 2, 18:11 20/07/2026","Phòng trọ giá rẻ Hoài Đức, Hà Nội",2.8 triệu/tháng,30 m2,"Hoài Đức, Hà Nội","Gần trường như công nghiệp hà nội, cao đẳng fpt, đông á....Diện tích 30m2Phòng sạch đẹpKhu vực an ninh, yên tĩnhGiá thuê 2.8tr",https://phongtro123.com/phong-tro-gia-re-ha-noi-hoai-duc-pr709972.html
"Thứ 2, 16:22 20/07/2026",Cho thuê phòng trọ mới 25m2 tại ngõ 204 Kim Giang,3.5 triệu/tháng,25 m2,"Thanh Xuân, Hà Nội","CHO THUÊ PHÒNG FULL NỘI THẤT – NGAY CẠNH ĐH THĂNG LONG Địa chỉ: Ngõ 204 Kim Giang, ngay cạnh Đại học Thăng Long. Thông tin phòng:Diện tích 25m², rộng rãi,…",https://phongtro123.com/cho-thue-phong-tro-moi-25m2-tai-ngo-204-kim-giang-pr709960.html
"Thứ 2, 14:59 20/07/2026","PHÒNG TRỌ, CCMN FULL ĐỒ, FULL TIỆN NGHI, THOÁNG RỘNG TẠI ĐẠI LINH - NAM TỪ LIÊM",5.5 triệu/tháng,30 m2,"Nam Từ Liêm, Hà Nội","KHAI TRƯƠNG CHUNG CƯ MINI FULL NỘI THẤT GIÁ 5TR5 TẠI ĐẠI LINH - NAM TỪ LIÊMGiá: 5triệu5/thángĐịa chỉ: 113 Đại Linh - Trung Văn - Nam Từ Liêm, Hà NộiÔ tô…",https://phongtro123.com/phong-tro-ccmn-full-do-full-tien-nghi-thoang-rong-tai-trung-van-nam-tu-liem-pr709956.html
"Thứ 2, 11:54 20/07/2026",Cho thuê phòng trọ địa chỉ 36/90 Yên Lạc- Vĩnh Tuy.,2.5 triệu/tháng,20 m2,"Hai Bà Trưng, Hà Nội","Diện tích 20m2, có thêm gác xép 8m2. Vị trí thuận tiện đi lại. Độc lập, khép kín, an ninh",https://phongtro123.com/cho-thue-phong-tro-dia-chi-36-90-yen-lac-vinh-tuy-pr701801.html
"Chủ Nhật, 20:51 19/07/2026",Hiện mình còn 3 phòng trống cho thuê tầng 1.2.3 không gian thoáng mát. Vệ sinh an ninh tốt,1.8 triệu/tháng,15 m2,"Cầu Giấy, Hà Nội","Hiện mình còn 3 phòng tầng 1.2.3 phù hợp với các bạn sinh viên đi làm. Không gian thoáng vệ sinh an ninh tốt. Gần các trường Đại học Cao đẳng, giáo thông…",https://phongtro123.com/hien-minh-con-3-phong-trong-cho-thue-tang-1-2-3-khong-gian-thoang-mat-ve-sinh-an-ninh-tot-pr709931.html
"Chủ Nhật, 18:10 19/07/2026","Cho thuê phòng tầng 3, 4, đường Nguyễn Trãi, gần ngã tư Nguyễn Xiển",2.5 triệu/tháng,20 m2,"Thanh Xuân, Hà Nội","Nhà 5 tầng gần ngã tư Nguyễn Trãi, Nguyễn Xiển, cho thuê các phòng tầng 3, 4. Mỗi phòng diện tích 15 và 20 m, giá điện nước giống như giá của chủ nhà.…",https://phongtro123.com/cho-thue-phong-tang-3-4-duong-nguyen-trai-gan-nga-tu-nguyen-xien-pr709928.html
"Chủ Nhật, 17:06 19/07/2026",Cho thuê phòng ở 21 Cầu Cốc Full tiện nghi,5.5 triệu/tháng,40 m2,"Nam Từ Liêm, Hà Nội","""Cho thuê phòng ở số 21-23 ngõ 32 /12 Cầu Cốc Phòng mới, ô tô đỗ cửa Phòng 1n1k - Giá 5tr5 Nội thất: giường, tủ lạnh, tủ quần áo, sofa, tivi, kệ…",https://phongtro123.com/cho-thue-phong-o-21-cau-coc-full-tien-nghi-pr709916.html
"Chủ Nhật, 16:56 19/07/2026",[CHÍNH CHỦ] CHO THUÊ PHÒNG RỘNG 35m2 – CÁCH HỒ VĂN QUÁN 50M,4.7 triệu/tháng,35 m2,"Hà Đông, Hà Nội","TT12-B34 KĐT Văn Quán, Hà Đông(Gần cổng sau Học viện An Ninh)Phòng tầng 2 mặt ngoài cực thoáng, cửa sổ lớn, nhiều ánh sáng tự nhiên.Diện tích:…",https://phongtro123.com/chinh-chu-cho-thue-phong-rong-35m2-cach-ho-van-quan-50m-pr709913.html
"Chủ Nhật, 15:15 19/07/2026","Thuê nhà/phòng trọ Gia Lâm, Hà Nội",2.5 triệu/tháng,35 m2,"Gia Lâm, Hà Nội","Cho thuê phòng trọ ở lâu dài tại khu vực Gia Lâm, Hà Nội theo địa giới hành chính cũ (đầu Cầu Đuống, mặt đường quốc lộ, gần chợ, gần bến xe buýt,…",https://phongtro123.com/thue-nha-phong-tro-gia-lam-ha-noi-2-pr709890.html
"Thứ 7, 14:43 18/07/2026","CHO THUÊ PHÒNG 1 TẦNG 1 GÁC XÉP – PHỐ CỔ Ô QUAN CHƯỞNG, HOÀN KIẾM",5 triệu/tháng,16 m2,"Hoàn Kiếm, Hà Nội","Nhà nằm trong ngõ 15 Ô Quan Chưởng, ngay trung tâm phố cổ Hoàn Kiếm. Vị trí thuận tiện di chuyển, gần chợ, hàng quán, khu vui chơi và nhiều địa điểm nổi…",https://phongtro123.com/cho-thue-phong-1-tang-1-gac-xep-pho-co-o-quan-chuong-hoan-kiem-pr709853.html
"Thứ 6, 09:17 17/07/2026","PASS PHÒNG TRỌ – NGÕ 63 TRẦN QUỐC VƯỢNG, CẦU GIẤY (VÀO Ở ĐẦU THÁNG 8)",5.2 triệu/tháng,28 m2,"Cầu Giấy, Hà Nội","PASS PHÒNG TRỌ – NGÕ 63 TRẦN QUỐC VƯỢNG, CẦU GIẤY (VÀO Ở ĐẦU THÁNG 8)Do chuyển cơ sở học nên mình cần pass lại phòng đẹp, phù hợp 2–3 người…",https://phongtro123.com/pass-phong-tro-ngo-63-tran-quoc-vuong-cau-giay-vao-o-dau-thang-8-pr709782.html
"Thứ 5, 15:06 16/07/2026","Phòng 1 người cho thuê tại quận Cầu Giấy, Hà Nội",1.5 triệu/tháng,15 m2,"Cầu Giấy, Hà Nội",Cho thuê phòng đơn dưới 2tr tại CẦU GIẤYĐịa chỉ:Ngõ 31 Nguyễn Khả Trạc - Mai DịchNgõ 267 Hoàng Hoa ThámNgõ 329 Cầu GiấyNgõ 24b Hoàng Quốc…,https://phongtro123.com/phong-1-nguoi-cho-thue-tai-quan-cau-giay-ha-noi-pr647696.html
"Thứ 5, 10:57 16/07/2026",Cho thuê phòng khép kín kín khu Thái Hà,3.5 triệu/tháng,28 m2,"Đống Đa, Hà Nội","Phòng khép kín riêng biệt, tầng 2 thoáng mát, yên tĩnh. Nhà khu phố Thái Hà sầm uất, gần bệnh viện, trường học. Điện nước an ninh tốt. Có chỗ để xe máy",https://phongtro123.com/cho-thue-phong-khep-kin-kin-khu-thai-ha-pr709729.html
"Thứ 4, 20:52 15/07/2026","Phòng trọ mới khu vực Phan Đình Giót, Hà Đông, full đồ, chỉ việc xách đồ về ở",4.5 triệu/tháng,25 m2,"Hà Đông, Hà Nội","Có sẵn máy giặt, tủ lạnh, tủ đồ, tủ bếp trên dưới, bếp từ, vệ sinh khép kín. LH xem phòng 0329846361 (zl 24/7)",https://phongtro123.com/phong-tro-moi-khu-vuc-phan-dinh-giot-ha-dong-full-do-chi-viec-xach-do-ve-o-pr709695.html
"Thứ 4, 14:41 15/07/2026",Cần pass phòng trọ gấp 359 minh khai,4.7 triệu/tháng,20 m2,"Hai Bà Trưng, Hà Nội","E cần pass phòng trọ gấp nên để giá ưu đãi free tháng 7 lun nha anh chị emHđ ngắn hạn thoải mái trải nghiệmFull nội thất khép kín, không chung chủ, ngõ…",https://phongtro123.com/can-pass-phong-tro-gap-359-minh-khai-pr709673.html
"Thứ 4, 08:43 15/07/2026",HOMESTAY BIỂN XANH - CHO THUÊ PHÒNG NGÕ 105 LÁNG HẠ - YÊN LÃNG - THÁI HÀ,Thỏa thuận,35 m2,"Đống Đa, Hà Nội",HOMESTAY BIỂN XANH - CHO THUÊ PHÒNG NGÕ 105 LÁNG HẠ - YÊN LÃNG - THÁI HÀ-NGAY 30-31/8/26 VÀO ỞDiện tích: 26 – 35m²Giá thuê từ 2.500.000đ/tháng (chưa bao gốm…,https://phongtro123.com/cho-thue-phong-o-tai-ngo-105-lang-ha-gan-cau-vuot-le-van-luong-yen-lang-pr695754.html
"Thứ 4, 08:41 15/07/2026",HOMESTAY THẢO NGUYÊN XANH -CHO THUÊ PHÒNG NGÕ 190 NGUYỄN TRÃI – GẦN NGÃ TƯ SỞ & ROYAL CITY,Thỏa thuận,35 m2,"Thanh Xuân, Hà Nội",HOMESTAY THẢO NGUYÊN XANH – CHO THUÊ PHÒNG NGÕ 190 NGUYỄN TRÃI - GẦN NGÃ TƯ SỞ & ROYAL CITYDiện tích: 20 – 35m²Giá thuê phòng riêng:Theo giờ từ 50.000đ/…,https://phongtro123.com/cho-thue-phong-ngo-190-nguyen-trai-gan-nga-tu-so-royal-city-pr701523.html
"Thứ 4, 08:38 15/07/2026",HOMESTAY MÙA THU HÀ NỘI – CHO THUÊ PHÒNG TẠI TRƯỜNG CHINH GẦN NGÃ TƯ SỞ & TÔN THẤT TÙNG,Thỏa thuận,45 m2,"Đống Đa, Hà Nội",HOMESTAY MÙA THU HÀ NỘI – CHO THUÊ PHÒNG TẠI TRƯỜNG CHINH GẦN NGÃ TƯ SỞ & TÔN THẤT TÙNGDiện tích: 20 – 45m²Giá thuê phòng riêng:Theo giờ 50.000đ/ giờ…,https://phongtro123.com/cho-thue-phong-o-tai-truong-chinh-gan-nga-tu-so-ton-that-tung-pr704925.html
"Thứ 2, 19:56 13/07/2026",Phòng đẹp gần Hồ Ba Mẫu – Xách vali vào ở ngay!,2.5 triệu/tháng,18 m2,"Đống Đa, Hà Nội",Phòng đẹp gần Hồ Ba Mẫu – Xách vali vào ở ngay! Ngõ 91 Ô Đồng LầmChỉ vài phút đến ĐH Bách Khoa – KTQD – ĐH Xây Dựng – ĐH Y Hà Nội Full nội…,https://phongtro123.com/phong-dep-gan-ho-ba-mau-xach-vali-vao-o-ngay-pr709585.html
"Thứ 2, 16:49 13/07/2026","Sẵn phòng ở luôn, ngõ 129 Nguyễn Trãi ( đối diện Royal city), diện tích 22m, giá 4.5tr",4.5 triệu/tháng,22 m2,"Thanh Xuân, Hà Nội","Sẵn phòng ở luôn, ngõ 129 Nguyễn Trãi ( đối diện Royal city), diện tích 22m, giá 4.5trĐầy đủ đồ : điều hòa, nóng lạnh, bếp, tủ bếp, hút mùi, giường…",https://phongtro123.com/san-phong-o-luon-ngo-129-nguyen-trai-doi-dien-royal-city-dien-tich-22m-gia-4-5tr-pr707467.html
"Thứ 2, 15:23 13/07/2026",CHO THUÊ PHÒNG TRỌ KHÉP KÍN TẠI XUÂN ĐỈNH - BẮC TỪ LIÊM - HÀ NỘI,2.2 triệu/tháng,21 m2,"Bắc Từ Liêm, Hà Nội","- Phòng trọ giá rẻ ở Trung tâm Xuân Đỉnh, cách chợ Xuân Đỉnh 400m, cách Công viên Hòa Bình và Bến xe Nam Thăng Long chưa đến 1km. Phòng ở tầng 3, nhà…",https://phongtro123.com/cho-thue-phong-tro-tai-xuan-dinh-bac-tu-liem-ha-noi-pr709571.html
"Thứ 2, 10:43 13/07/2026","35M đủ ĐH, Tủ, Quạt, giường 4Người CHỈ TỪ 2Tr",2.3 triệu/tháng,35 m2,"Hoài Đức, Hà Nội","Nhà mới tinh 35M2:Ban công rộng.Gần ĐH Kiểm Sát, Phenikaa, CMC, BV Nhi Hà NộiGần đường VĐ4, VĐ 3.5Nhà mới 100% sạch sẽ.WC riêng, bếp riêng.Tủ…",https://phongtro123.com/35m-du-dh-tu-quat-giuong-4nguoi-chi-tu-2tr-pr709553.html
"Thứ 2, 10:41 13/07/2026","Cho thuê phòng full đồ, ban công thoáng tại số 10/144 Hồ Quan Nhân, Thanh Xuân gần DH Nhân Văn",4.5 triệu/tháng,25 m2,"Thanh Xuân, Hà Nội","Cho thuê phòng CCMN full đồ, ban công thoáng tại số 10/144 Hồ Quan Nhân, Thanh Xuân, Hà Nội- Trung tâm Quan Nhân, đối diện Đình Quan Nhân, Ngay cạnh Hồ Quan…",https://phongtro123.com/c-chu-cho-thue-ccmn-studio-moi-full-do-a-z-tai-so-10-144-ho-quan-nhan-thanh-xuan-pr599378.html
"Thứ 2, 10:37 13/07/2026","Cho thuê CCMN full đồ, cửa sổ ban công, ngõ 286 Nguyễn Xiển gần DH Nhân Văn, Công nghệ GTVT",4.5 triệu/tháng,25 m2,"Thanh Xuân, Hà Nội","Chính chủ cho thuê phòng full đồ, có cửa sổ, ban công, khép kín tại ngõ 286 nguyễn xiển (cạnh ecogreen)hoặc đi ngõ 111 Triều Khúc. Đường oto đỗ cửa. -…",https://phongtro123.com/cho-thue-ccmn-full-do-noi-that-khu-vuc-286-nguyen-xien-pr673107.html
"Thứ 2, 09:51 13/07/2026",Phòng Trọ Hà Nội Giá Cả Hợp Lý Dành Cho Sinh Viên,6.5 triệu/tháng,30 m2,"Ba Đình, Hà Nội","Địa chỉ : 116 Phan Kế Bính, ba đình⏰ Trống Ở LUÔNGiá: 6.500.000đThang máy tầng 4,5Diện tích 30m2Gần hồ Tây, lotte Liễu Giai, đại sứ quán…",https://phongtro123.com/tim-tro-ha-noi-gia-ca-hop-ly-danh-cho-sinh-vien-pr709545.html
"Thứ 7, 08:25 11/07/2026","Cho thuê phòng trọ rộng rãi trong chung cư mini tại Ngõ 256, Nguyễn Lân, Hà Nội",2.6 triệu/tháng,25 m2,"Thanh Xuân, Hà Nội","Phòng rộng ở được 2 - 4 người, có ban công rộngFull nội thất: có giường, tủ, điêu hòa, nóng lạnh, máy giăt, tủ lạnh, ko chung chủ giờ tự doGần…",https://phongtro123.com/cho-thue-phong-tro-nhu-can-ho-mini-gia-re-tai-ngo-256-pho-nguyen-lan-duong-truong-chinh-hn-pr309865.html
"Thứ 6, 21:07 10/07/2026","PHÒNG TRỌ TẠI BA_ĐÌNH, HÀ_NỘI, GIÁ: 2TR/THÁNG. NHÀ CHÍNH CHỦ - KHÔNG QUA MÔI GIỚI",2 triệu/tháng,15 m2,"Ba Đình, Hà Nội","PHÒNG TRỌ TẠI BA_ĐÌNH, HÀ_NỘI, GIÁ: 2TR/THÁNG. NHÀ CHÍNH CHỦ - KHÔNG QUA MÔI GIỚI - KHÔNG MẤT PHÍ.PHÒNG 2TR FULL ĐỒ:- ĐÓNG 1 CỌC 1.VỊ TRÍ: Tân_Ấp -…",https://phongtro123.com/phong-tro-tai-ba-dinh-ha-noi-gia-2tr-thang-nha-chinh-chu-khong-qua-moi-gioi-pr709461.html
"Thứ 6, 21:04 10/07/2026",Trọ tại Phố Trần Nhân Tông - HBT. Giá phòng 3.5Tr - VSKK - Ô TÔ ĐỖ CỬA - VIEW THÀNH PHỐ,3.5 triệu/tháng,20 m2,"Hai Bà Trưng, Hà Nội","CHO THUÊ 1 PHÒNG,  Phố Trần Nhân Tông - HBT. Giá phòng 3.5Tr - VSKK - Ô TÔ ĐỖ CỬA - VIEW THÀNH PHỐPHÒNG khép kín có đầy đủ giường tủ, điều hoà, quạt,…",https://phongtro123.com/tro-tai-pho-tran-nhan-tong-hbt-gia-phong-3-5tr-vskk-o-to-do-cua-view-thanh-pho-pr693339.html
"Thứ 6, 21:03 10/07/2026","Phòng trọ giá rẻ 1.5tr dành cho sinh viên - người mới đi làm tại khu vực Phúc Xá, Ba Đình:",1.5 triệu/tháng,10 m2,"Ba Đình, Hà Nội","Phòng trọ giá rẻ 1.5tr dành cho sinh viên - người mới đi làm tại khu vực Phúc Xá, Ba Đình:Phố Tân Ấp: 1tr5 Ô TÔ ĐỖ CỬANước 100k/ngườiĐIỆN :…",https://phongtro123.com/phong-tro-gia-re-1-5tr-danh-cho-sinh-vien-nguoi-moi-di-lam-tai-khu-vuc-phuc-xa-badinh-pr693342.html
"Thứ 6, 21:02 10/07/2026","PHÒNG ĐƠN TẠI PHỐ NGHĨA DŨNG, BA ĐÌNH - HÀ NỘI TỪ 2TR- 2TR3",2.3 triệu/tháng,15 m2,"Ba Đình, Hà Nội","PHÒNG ĐƠN TẠI PHỐ NGHĨA DŨNG, BA ĐÌNH - HÀ NỘI TỪ 2TR- 2TR3 ⏰TRỐNG , Ở LUÔN Trong phòng có : ĐIỀU HÒA – GIÁ GIÀY – GIÁ TREO QUẦN ÁO – BÀN LÀM…",https://phongtro123.com/phong-don-tai-pho-nghia-dung-ba-dinh-ha-noi-tu-2tr-2tr3-pr709460.html
"Thứ 6, 09:28 10/07/2026",CHÍNH CHỦ CHO THUÊ PHÒNG KHÉP KÍN MỚI TINH TẠI NGÃI CẦU- AN KHÁNH - HOÀI ĐỨC - GIÁ CỰC TỐT,3 triệu/tháng,25 m2,"Hoài Đức, Hà Nội","- Chính chủ cho thuê phòng khép kín mới xây, sạch đẹp, diện tích 25m², phù hợp cho người đi làm, sinh viên hoặc hộ gia đình nhỏ.- Thông tin phòng:+ Diện…",https://phongtro123.com/chinh-chu-cho-thue-phong-khep-kin-moi-tinh-tai-ngai-cau-an-khanh-hoai-duc-gia-cuc-tot-pr709423.html
"Thứ 5, 20:29 09/07/2026",Phòng trọ siêu rẻ cho sinh viên và người đi làm Quận Thanh Xuân,3.7 triệu/tháng,25 m2,"Thanh Xuân, Hà Nội","Địa chỉ: N04-18 Ngõ 66B Triều Khúc, Phường Thanh Xuân Bắc, Quận Thanh Xuân, Thành phố Hà NộiVị trí quanh Triều Khúc, Khuất Duy Tiến, quanh Thanh Xuân và Hà…",https://phongtro123.com/phong-tro-sieu-re-cho-sinh-vien-va-nguoi-di-lam-quan-thanh-xuan-pr709418.html
"Thứ 5, 17:49 09/07/2026","CHO THUÊ HOMESTAY/PHÒNG TRỌ FULL NỘI THẤT – GẦN HỒ ĐỀN LỪ, HOÀNG MAI",1.5 triệu/tháng,50 m2,"Hoàng Mai, Hà Nội","Địa chỉ: Ngõ 147A đường Tân Mai, quận Hoàng Mai, Hà Nội.Bạn đang tìm một nơi ở sạch sẽ, đầy đủ tiện nghi với chi phí hợp lý? Đây là lựa chọn…",https://phongtro123.com/cho-thue-homestay-phong-tro-full-noi-that-gan-ho-den-lu-hoang-mai-pr709414.html
"Thứ 5, 15:04 09/07/2026","Cho thuê phòng ngõ 750 Kim Giang 4,2tr",4.2 triệu/tháng,30 m2,"Hoàng Mai, Hà Nội","ngõ 750 kim giang ! 1 ngủ 1 khách cửa sổ thoáng , ban công ! Full nội thất cơ bản + sofa ! 30m2 ! Ở luônĐiện 4k nước 30k mạng 100k dvc 140k máy giặt 50k !",https://phongtro123.com/cho-thue-phong-ngo-759-kim-giang-4-2tr-pr709400.html
"Thứ 3, 16:07 07/07/2026","Hệ thống Homestay KTX ở ghép 4-6 người/1p đầy đủ tiện nghi, Full tiện ích chỉ từ 1750k/người/tháng.",1.75 triệu/tháng,90 m2,"Cầu Giấy, Hà Nội","Hệ thống Homestay KTX đầy đủ tiện nghi, Full tiện ích chỉ từ 1500k/người/tháng.Cơ sở 1: 24 Hoàng quốc Việt 1,5tr/tháng phòng 1 người độc lập. (điện…",https://phongtro123.com/he-thong-homestay-ktx-o-ghep-4-6-nguoi-1p-day-du-tien-nghi-full-tien-ich-chi-tu-1200k-nguoi-thang-pr674375.html
"Thứ 3, 15:58 07/07/2026",Hệ thống trọ Homestay KTX Ngõ 82 Trần Cung phòng 4-6 người giá/1 phòng 1750k/tháng( BAO ĐIỆN NƯỚC),1.75 triệu/tháng,80 m2,"Cầu Giấy, Hà Nội",BẠN ĐANG CẦN TÌM 1 PHÒNG TRỌ ĐẦY ĐỦ TIỆN NGHI GIÁ RẺ HÃY ĐẾN VỚI CHÚNG TÔI !!!+ Cơ Sở 3: 82 Trần Cung phòng 4-6 người giá 1tr750k/tháng (điện nước…,https://phongtro123.com/he-thong-tro-homestay-ktx-ngo-82-tran-cung-phong-4-6-nguoi-gia-1-650tr-thang-dien-nuoc-gia-dan-pr683877.html
"Thứ 2, 16:10 06/07/2026","Phòng trọ số 2 ngõ 397 Phạm Văn Đồng, đủ đồ cơ bản, giảm 500k tháng đầu",3.2 triệu/tháng,25 m2,"Bắc Từ Liêm, Hà Nội","CÓ THỂ VÀO Ở LUÔN : Mình giảm 500k tháng đầu hoặc gửi công cho môi giới ạMình cần pass lại phòng tại số 2 ngõ 397 Phạm Văn Đồng, vị trí như ảnh…",https://phongtro123.com/phong-tro-so-2-ngo-397-pham-van-dong-pr709250.html
"Thứ 2, 11:50 06/07/2026","PHÒNG ĐẸP – GIÁ 2,9 TRIỆU – VÀO Ở NGAY!",2.9 triệu/tháng,25 m2,"Nam Từ Liêm, Hà Nội","Nhà 29 ngõ 63/30 Lê Đức Thọ (29 ngõ 30 Phú Mỹ).Phòng 302 giá 2,9 triệu ở luônNội thất: Giường tủ, đệm, điều hòa, nóng lạnh, tủ lạnh, máy giặt…",https://phongtro123.com/phong-dep-gia-2-9-trieu-vao-o-ngay-pr709234.html
"Thứ 2, 11:34 06/07/2026","PHÒNG ĐẸP – GIÁ CHỈ TỪ 2,9 TRIỆU – VÀO Ở NGAY!",2.9 triệu/tháng,25 m2,"Nam Từ Liêm, Hà Nội","Lê Đức Thọ – Phú Mỹ, full nội thất: giường, tủ, đệm, điều hòa, nóng lạnh, tủ lạnh, máy giặt, khóa vân tay. Gần ĐH Thương Mại, ĐHQG, ĐH Sư…",https://phongtro123.com/phong-dep-gia-chi-tu-2-9-trieu-vao-o-ngay-pr709231.html
"Chủ Nhật, 20:40 05/07/2026","NHƯỢNG GẤP PHÒNG TRỌ – NGÕ 5 PHÚ KIỀU, KIỀU MAI – CHỈ 2,8 TRIỆU/THÁNG",2.8 triệu/tháng,25 m2,"Bắc Từ Liêm, Hà Nội","NHƯỢNG GẤP PHÒNG TRỌ – NGÕ 5 PHÚ KIỀU, KIỀU MAI – CHỈ 2,8 TRIỆU/THÁNGĐịa chỉ: Sân 3, ngõ 5 Phú Kiều, cạnh đình làng Kiều MaiGần ĐH Công Nghiệp,…",https://phongtro123.com/nhuong-gap-phong-tro-ngo-5-phu-kieu-kieu-mai-chi-2-8-trieu-thang-pr709216.html
"Chủ Nhật, 15:57 05/07/2026","Cho thuê phòng đầy đủ tiện nghi chỉ 3tr5 tại Số nhà 20, ngách 79, ngõ Cẩm Văn",3.5 triệu/tháng,30 m2,"Đống Đa, Hà Nội","Nhà mới xây, đầy đủ tiện nghi, có nóng lạnh, điều hòa,tủ quần áo, tủ phấn, đệm, giá bết... nhà gần chợ, gần các bệnh viện, trường học các cấp…",https://phongtro123.com/cho-thue-phong-day-du-tien-nghi-chi-3tr5-tai-so-nha-20-ngach-79-ngo-cam-van-pr709197.html
"Chủ Nhật, 15:04 05/07/2026","Cho thuê phòng trọ sinh viên tại Hòa Lạc. Ngay cổng Đại học FPT, gần ĐHQGHN. Giá 1,8tr/th, vskk",1.8 triệu/tháng,20 m2,"Thạch Thất, Hà Nội","Cho thuê phòng trọ Sinh viên tại Hoà Lạc. Ngay cổng sau trường ĐH FPT, gần ĐHQGHN Hoà Lạc. Liên hệ 034,2150.995 để đặt phòngThôn 3, Thạch Hoà - Ngay Cổng…",https://phongtro123.com/cho-thue-phong-tro-sinh-vien-tai-hoa-lac-ngay-cong-dai-hoc-fpt-gan-dhqghn-gia-1-8tr-th-vskk-pr709191.html
"Chủ Nhật, 11:55 05/07/2026","Cho thuê phòng trọ giá rẻ,hỗ trợ tìm phòng free",4.25 triệu/tháng,25 m2,"Nam Từ Liêm, Hà Nội","Ngõ 90 Phúc Diễn - 281 Hồ Tùng Mậu số (gần chân ga cầu diễn)- Trống 501- Giá: 4.250.000- Điện 3,8k/số, Nước 35k/ khối, Dịch vụ chung 150k/ người, mạng…",https://phongtro123.com/cho-thue-phong-tro-gia-re-ho-tro-tim-phong-free-pr709183.html
"Thứ 7, 09:23 04/07/2026","Cho Thuê nhà tại Bát Tràng, Học Viện Nông Nghiệp, Đai Học VinUni, Đại Học Intracom Cơ Sở Ecopark.",2.5 triệu/tháng,20 m2,"Gia Lâm, Hà Nội","- NHÀ TRỌ SÔNG HỒNG: Có cho Thuê Phòng Trọ 20m2 gồm 1 Phòng Ngủ + 1 Vệ Sinh + 1 Bếp với đầy đủ nội thất giường 1.6m x 2m, tủ quần áo 1,2m, tủ tab đầu…",https://phongtro123.com/cho-thue-phong-tro-dong-du-ha-gan-bat-trang-va-vinhome-ocean-park-1-pr673544.html
"Thứ 4, 23:04 01/07/2026",NHÀ XINH TÌM NGƯỜI XINH Khu vực Đê La Thành,3 triệu/tháng,20 m2,"Ba Đình, Hà Nội","Cần tuyển bạn nữ hợp cạ ăn uống để ở cùng ạ. Nhà mình không ở ghép ạ.------Nhà 4 tầng , phòng rộng rãi có phong cách vừa sửa sang đẹp đẽ.…",https://phongtro123.com/nha-xinh-tim-nguoi-xinh-khu-vuc-de-la-thanh-pr709025.html
"Thứ 4, 19:03 01/07/2026",cho thuê trọ có 1 phòng ngủ 1 phòng khách,4 triệu/tháng,25 m2,"Nam Từ Liêm, Hà Nội","Địa chỉ: 37 phố nhổnGiá phòng chỉ từ 3xxx ( đóng 1 cọc 1)1N 1K : 4m5* Phòng khép kín* Nội thât: điều hoà, tủ lạnh, ban công thoáng mát, nóng lạnh,…",https://phongtro123.com/cho-thue-tro-co-1-phong-ngu-1-phong-khach-pr709017.html
"Thứ 4, 18:05 01/07/2026",Nhà tập thể Kim Liên vào ở được ngay,3 triệu/tháng,25 m2,"Đống Đa, Hà Nội","- Diện tích: 25m2, 1 phòng ngủ, 1 phòng bếp, 1 nhà vệ sinh.- Nội thất: 2 tủ gỗ, quạt, đèn.+ C10 Kim Liên, Kim Liên, Đống Đa, Hà Nội.+ Di chuyển thuận…",https://phongtro123.com/nha-tap-the-kim-lien-vao-o-duoc-ngay-pr709012.html
"Thứ 4, 16:47 01/07/2026",CHO THUÊ PHÒNG TRỌ TẠI ĐỨC DIỄN,3.2 triệu/tháng,20 m2,"Bắc Từ Liêm, Hà Nội","* Giá: 3tr2* Diện tích: 20 m2, bếp riêng, tầng thượng rộng rãi, sạch sẽ* Nội thất: điều hòa, nóng lạnh, giường, pccc và thang thoát hiểm đầy đủ,…",https://phongtro123.com/cho-thue-phong-tro-tai-duc-dien-pr709007.html
"Thứ 3, 10:52 30/06/2026","CHÍNH CHỦ CHO THUÊ PHÒNG TRỌ KHÉP KÍN NGÕ GỐC ĐỀ - MINH KHAI - CỬA VÂN TAY, TỰ DO GIỜ GIẤC, PCCC ĐẦY",2.6 triệu/tháng,18 m2,"Hoàng Mai, Hà Nội","Chính chủ còn trống vài phòng trọ khép kín tại Số 19 ngách 15/18 Ngõ Gốc Đề, Minh Khai, Hai Bà Trưng, Hà Nội. Phòng đẹp, thoáng mát, dọn vào ở…",https://phongtro123.com/cho-thue-phong-tro-o-so-19-ngach-15-18-ngo-goc-de-minh-khai-ha-noi-pr702300.html
"Chủ Nhật, 18:54 28/06/2026",Phòng trọ khép kín 25 m2 trong ngõ 210 Hoàng Quốc Việt,3.3 triệu/tháng,25 m2,"Cầu Giấy, Hà Nội","Phòng trọ khép kín 25 m² bao gồm nhà vs, bếp, giường, tủ, điều hòa, bình nóng lạnh, có công tơ riêng, có chỗ để xe máy chung tầng 1, có máy giặt và sân…",https://phongtro123.com/phong-tro-khep-kin-25-m2-trong-ngo-210-hoang-quoc-viet-pr708880.html
"Thứ 7, 06:00 25/07/2026","Cho thuê chung cư mini ở Khuất Duy Tiến, Thanh Xuân",1.2 triệu/tháng,20 m2,"Thanh Xuân, Hà Nội","Hiện tại nhà mình còn 10 phòng ở CC mini 6 tầng.- Phòng rộng 15m2 - 20m2 - 25m2 - 35m2.- Có tắm nóng lạnh, có điều hòa.- Có internet đầy đủ.- Nhà vệ sinh riêng…",https://phongtro123.com/tinh-thanh/ha-noi/cho-thue-chung-cu-mini-o-khuat-duy-tien-thanh-xuan.html
"Thứ 5, 09:36 23/07/2026",CHO THUÊ PHÒNG TRỌ KHÉP KÍN 4 TR HOÀNG NGÂN – THANH XUÂN – Ở NGAY,4 triệu/tháng,30 m2,"Thanh Xuân, Hà Nội","CHO THUÊ PHÒNG TRỌ HOÀNG NGÂN – THANH XUÂN | 4 TRIỆU/THÁNG – Ở NGAYĐịa chỉ: Số 12 ngõ 73 Hoàng Ngân, Thanh Xuân, Hà Nội.Phòng 501 giá 4 triệu/tháng, vệ…",https://phongtro123.com/cho-thue-phong-tro-khep-kin-4-tr-hoang-ngan-thanh-xuan-o-ngay-pr709838.html
"Thứ 4, 21:48 22/07/2026",NHÀ TRỌ BÁCH - KINH- XÂY GIÁ RẺ,4.5 triệu/tháng,20 m2,"Hai Bà Trưng, Hà Nội","26 ĐẠI CỔ VIỆT . Xung quanh là các trường Đại Học Bách Khoa , Kinh Tế Quốc Dân , Đại Học Xây Dựng ...Phòng mới 100% Phòng full nội thất, điều hoà…",https://phongtro123.com/nha-tro-bach-kinh-xay-gia-re-pr710082.html
"Thứ 4, 15:32 22/07/2026","2,5 TRIỆU CÓ NGAY PHÒNG FULL NỘI THẤT TẠI CẦU GIẤY!",2.5 triệu/tháng,20 m2,"Cầu Giấy, Hà Nội","2,5 TRIỆU CÓ NGAY PHÒNG FULL NỘI THẤT TẠI CẦU GIẤY!Nếu bạn đang tìm một phòng vừa sạch, vừa đầy đủ tiện nghi thì đây là lựa chọn rất đáng cân…",https://phongtro123.com/2-5-trieu-co-ngay-phong-full-noi-that-tai-cau-giay-pr710071.html
"Thứ 4, 09:23 22/07/2026","Cho thuê phòng trọ giá rẻ 3,7 mỹ đình, phòng kk có ban công thoáng sáng",3.7 triệu/tháng,24 m2,"Nam Từ Liêm, Hà Nội","Nhà số 26 ngõ 5, Tổ 15 Tân Mỹ, Mỹ Đình1, Nam Từ Liêm Hà NộiCho thuê phòng trọ tầng 2 , ban công cửa sổ thoángphòng 201 khép kín 3,7 tr ở luônMặt sau…",https://phongtro123.com/cho-thue-phong-tro-gia-re-3-7-my-dinh-phong-kk-co-ban-cong-thoang-sang-pr693055.html
"Thứ 4, 07:20 22/07/2026",Phòng 1n1k tại Triều Khúc 40m² mới tinh vào ở luôn,5.1 triệu/tháng,40 m2,"Thanh Xuân, Hà Nội","Phòng đôi 1n1k tại ngõ 83 đường Tân Triều. Phòng rộng 40m².mới tinh.không chung chủ,giờ giấc tự do. Đầy đủ tiện nghi: Thang máy,khóa vân tay,điều…",https://phongtro123.com/phong-2-ngu-tai-trieu-khuc-moi-tinh-vao-o-luon-pr628199.html
"Thứ 3, 19:31 21/07/2026","Phòng trọ nhà 5 139/69 hoa lâm. nóng lạnh,điều hoà intenet,giờ giấc thoải mái.",2.6 triệu/tháng,26 m2,"Long Biên, Hà Nội","Chính chủ Còn 1 phòng ở lâu dài. nằm trong nhà 3 tầng tại nhà số 5 ngõ 139/69 hoa lâm.Phòng có sẵn điều hòa, nóng lạnh, intenet, có tủ lạnh,máy lọc nc RO,…",https://phongtro123.com/phong-tro-139-hoa-lam-dieu-hoa-bong-lanh-may-giat-intenet-pr663273.html
"Thứ 3, 10:52 21/07/2026","PHÒNG ĐẸP - KHÉP KÍN - THANG MÁY - GIÁ 2,9 TRIỆU140 THÚ Y, ĐỨC THƯỢNG, HOÀI ĐỨC, HÀ NỘI",2.9 triệu/tháng,25 m2,"Hoài Đức, Hà Nội","Gần các trường: ĐH Công Nghiệp, CĐ FPT, ĐH Đông Á, ĐH Thành Đô, CĐ Đại Việt, CĐ Bách Nghệ, Học viện CSPT...⭐ Tiện nghiPhòng to rộng, khép kín,…",https://phongtro123.com/phong-dep-khep-kin-thang-may-gia-2-9-trieu-140-thu-y-duc-thuong-hoai-duc-ha-noi-pr709995.html
"Thứ 2, 10:16 20/07/2026","Cho thuê phòng trọ tại Địa chỉ : Ngõ 35 Trần Thái Tông, Cầu Giấy",3.4 triệu/tháng,20 m2,"Cầu Giấy, Hà Nội","Mã Phòng: 302—————————giá : 3,4 triệuPhòng : khép kínThang bộ, có cửa sổ, hành lang thoáng mátNội thất : điều hoà, nóng lạnh , máy giặt,…",https://phongtro123.com/dia-chi-ngo-35-tran-thai-tong-cau-giay-pr709941.html
"Chủ Nhật, 17:53 19/07/2026",Chính chủ cho thuê phòng trọ khép kín tại 132/36 Cầu giấy,2.5 triệu/tháng,16 m2,"Cầu Giấy, Hà Nội","Chính chủ cho sinh viên, người đi làm thuê phòng trọ khép kín tại 9/132/36 đường Cầu Giấy. Phòng trọ nằm trong nhà 2 tầng chuyên cho thuê trọ, nơi an ninh…",https://phongtro123.com/chinh-chu-cho-thue-phong-tro-khep-kin-tai-132-36-cau-giay-pr675975.html
"Chủ Nhật, 17:18 19/07/2026",Cho thuê phòng ở Địa chỉ số 10D/77/211 Khương Trung.,2.5 triệu/tháng,30 m2,"Thanh Xuân, Hà Nội","Cho thuê phòng ở Địa chỉ số 10D/77/211 Khương Trung.Phòng vệ sinh khép kín, điều hoà, nóng lạnh, giường tủ, kệ bếp chậu rửa, giá để giày máy giặt…",https://phongtro123.com/cho-thue-phong-o-dia-chi-so-10d-77-211-khuong-trung-pr709920.html
"Chủ Nhật, 10:37 19/07/2026",Cho thuê phòng trọ tại CCMN 67 Ngõ 59 Văn Tiến Dũng VÀO Ở LUÔN CUỐI THÁNG 7 ĐẦU THÁNG 8,4.4 triệu/tháng,25 m2,"Bắc Từ Liêm, Hà Nội","- Thiết kế: phòng gác xép rộng . Có thể ở được nhiều người, chỗ để xe free- Tiện nghi đầy đủ: Có sẵn Tủ lạnh, tủ bếp, điều hòa, máy giặt…",https://phongtro123.com/cho-thue-phong-tro-tai-ccmn-67-ngo-59-van-tien-dung-vao-o-luon-cuoi-thang-7-dau-thang-8-pr709878.html
"Chủ Nhật, 08:00 19/07/2026","phòng trọ tiện nghi giá tốt, trung tâm, gần chợ, trường học, bệnh viện",3 triệu/tháng,30 m2,"Đống Đa, Hà Nội","Có phòng cho nữ thuê S: 30 m2 (có ban công), tiện nghi đầy đủ, (tắm nóng lạnh, điều hòa, máy giặt, quạt, giường tủ ...), khép kín, đi khóa về mở dân trí…",https://phongtro123.com/phong-tro-tien-nghi-gia-tot-trung-tam-gan-cho-truong-hoc-benh-vien-pr709133.html
"Thứ 7, 14:59 18/07/2026",PHÒNG ĐẸP HOÀNG NGÂN – XÁCH VALI VÀO Ở NGAY,4 triệu/tháng,25 m2,"Thanh Xuân, Hà Nội","Địa chỉ: Nhà 12, ngõ 73 Hoàng Ngân, Thanh Xuân, Hà Nội. Giá thuê chỉ 4 triệu/tháng Căn phòng phù hợp cho người đi làm và sinh viên muốn tìm một…",https://phongtro123.com/phong-dep-hoang-ngan-xach-vali-vao-o-ngay-pr709855.html
"Thứ 7, 14:56 18/07/2026",Phòng đẹp vào ở luôn – Lê Quang Đạo,3.6 triệu/tháng,25 m2,"Nam Từ Liêm, Hà Nội","Chỉ 3,6 triệu/tháng️ Full nội thất️ Khép kín️ Máy giặt, Wi-Fi️ Ô tô đỗ cửa Nhà số 6, ngách 115, ngõ 8 Lê Quang Đạo. Liên hệ ngay để…",https://phongtro123.com/phong-dep-vao-o-luon-le-quang-dao-pr709854.html
"Thứ 7, 14:13 18/07/2026",PHÒNG ĐẸP – KHÉP KÍN -- LÊ ĐỨC THỌ (PHÚ MỸ) – VÀO Ở NGAY!,3 triệu/tháng,20 m2,"Nam Từ Liêm, Hà Nội","Giá 3 triệu full nội thất: giường, tủ, đệm, điều hòa, nóng lạnh, tủ lạnh, máy giặt,máy sấy khóa vân tay. Gần ĐH Thương Mại, ĐHQG, ĐH Sư Phạm, CĐ…",https://phongtro123.com/phong-dep-khep-kin-le-duc-tho-phu-my-vao-o-ngay-pr709851.html
"Thứ 7, 11:16 18/07/2026","Phòng có WC khép kín rộng thoáng Lĩnh Nam, thang máy, nóng lạnh, điều hòa Lĩnh Nam",2.5 triệu/tháng,21 m2,"Hoàng Mai, Hà Nội","- Phòng khép kín ko chung chủ, có nhà vệ sinh riêng, điều hòa, bệ bếp, thang máy, bình nóng lạnh, chỗ để máy giặt, cửa sổ thoáng tiếp xúc trực tiếp với…",https://phongtro123.com/phong-co-wc-khep-kin-rong-thoang-linh-nam-thang-may-nong-lanh-dieu-hoa-linh-nam-2-pr655302.html
"Thứ 7, 09:36 18/07/2026","cho thuê phòng trọ khép kín 2,3 gần Y học Tuệ tĩnh, Tài Nguyên môi trường....",2.3 triệu/tháng,18 m2,"Bắc Từ Liêm, Hà Nội","Cho thuê phòng trọ khép kin giá rẻ tại phú diễn giá 2,3 tr Số 21 ngõ 259/114 phú diễn Phòng 201 trống - Giá chỉ 2.3 triệu/tháng️ Ngày 15/9 ở Gần Tài…",https://phongtro123.com/cho-thue-phong-tro-khep-kin-2-3-gan-y-hoc-tue-tinh-tai-nguyen-moi-truong-pr690893.html
"Thứ 7, 09:35 18/07/2026","Cho thuê phòng trọ Phạm Tuấn Tài, cầu giấy, Gần Sư Phạm, quốc Gia, Điện lực. giá 3.9 tr",3.9 triệu/tháng,24 m2,"Cầu Giấy, Hà Nội","Cho thuê phòng trọ nhà 39 Phạm Tuấn Tài giá 3,9 tr.Địa chỉ: 39/15 Phạm Tuấn Tài, Cầu Giấy, Hà Nội.Trống phòng 501, thang bộ (xem full, ngày 10/9 vào…",https://phongtro123.com/cho-thue-phong-tro-pham-tuan-tai-cau-giay-gan-su-pham-quoc-gia-dien-luc-gia-3-9tr-pr693083.html
"Thứ 6, 10:39 17/07/2026","NHÀ 639 PHÚC DIỄN, XUÂN PHƯƠNG, NAM TỪ LIÊM",2.5 triệu/tháng,25 m2,"Nam Từ Liêm, Hà Nội","Tiện nghi: Giường, tủ, đệm, điều hòa, nóng lạnh, máy giặt chung, khoá vân tay. Ô tô đỗ cửa – thuận tiện đi lại. Chi phí:Điện:…",https://phongtro123.com/nha-639-phuc-dien-xuan-phuong-nam-tu-liem-pr709786.html
"Thứ 6, 10:36 17/07/2026",Cho thuê phòng sạch đẹp tài số 15 Phạm Tuấn Tài,4 triệu/tháng,25 m2,"Cầu Giấy, Hà Nội","Phòng sạch sẽ, thoáng máyĐầy đủ tiện nghiCó khóa cửa vân tay an toànĐịa chỉ: 15 Phố Phạm Tuấn Tài, Phường Nghĩa Đô, Hà NộiChi phí dịch…",https://phongtro123.com/trong-phong-tai-15-pham-tuan-tai-cau-giay-2-pr709785.html
"Thứ 6, 10:08 17/07/2026",TRỐNG PHÒNG TẠI 15 PHẠM TUẤN TÀI - CẦU GIẤY,4 triệu/tháng,25 m2,"Cầu Giấy, Hà Nội","️ Không gian thoáng – sạch – ở cực thích️ Đi làm, đi học đều tiện. …",https://phongtro123.com/trong-phong-tai-15-pham-tuan-tai-cau-giay-pr709783.html
"Thứ 5, 09:55 16/07/2026",CUỐI THÁNG 7 TRỐNG 1 PHÒNG TẠI 639 PHÚC DIỄN - XUÂN PHƯƠNG - NAM TỪ LIÊM,2.5 triệu/tháng,20 m2,"Nam Từ Liêm, Hà Nội","_______________________ Giá : 2tr5 Thang bộNội thất : Giường, tủ, đệm, điều hòa, nóng lạnh, máy giặt chung, khoá vân tay.Dịch vụ : Điện: 4.00đ/ số -…",https://phongtro123.com/cuoi-thang-7-trong-1-phong-tai-639-phuc-dien-xuan-phuong-nam-tu-liem-pr709722.html
"Thứ 5, 08:58 16/07/2026","Cho thuê phòng trọ giá rẻ , chính chủ",2.5 triệu/tháng,18 m2,"Hai Bà Trưng, Hà Nội","Cho thuê phòng trọ giá rẻ 18m2 phụ khép kíncó đh ,tủ lạnh ,quạt trần ,giường tủ ,bình nóng lạnhgần các trường đh bk, kinh tế qd, đh xây dựng ,không…",https://phongtro123.com/cho-thue-phong-tro-gia-re-chinh-chu-49314-pr693662.html
"Thứ 4, 09:38 15/07/2026",PHÒNG TRỌ ĐẸP – FULL NỘI THẤT – VÀO Ở NGAY TẠI LÊ QUANG ĐẠO Địa chỉ: Ngõ 8 Lê Quang Đạo,3.6 triệu/tháng,25 m2,"Nam Từ Liêm, Hà Nội","Địa chỉ: Ngõ 8 Lê Quang Đạo Phòng 201 – Giá chỉ 3,XXX triệu/tháng – Vệ sinh khép kín, có thể vào ở luôn. …",https://phongtro123.com/phong-tro-dep-full-noi-that-vao-o-ngay-tai-le-quang-dao-dia-chi-ngo-8-le-quang-dao-pr709648.html
"Thứ 3, 11:46 14/07/2026","Cho Thuê Phòng trọ Mai Dịch , Cầu Giấy Gần Đại học quốc Gia, Thương mại, Điện Lực",3.2 triệu/tháng,26 m2,"Cầu Giấy, Hà Nội","NGUYỄN KHẢ TRẠC TRỐNG 1 PHÒNG401 Vsc giá 3,2 tr/ tháng ở luônĐịa chỉ : số nhà 41 Ngõ 47 địa chỉ Nguyễn Khả Trạc, mai dịch, Cầu Giấy, Hà Nội, Gần…",https://phongtro123.com/cho-thue-phong-tro-mai-dich-cau-giay-gan-dai-hoc-quoc-gia-thuong-mai-dien-luc-pr680215.html
"Thứ 3, 11:37 14/07/2026",CHO THUÊ PHÒNG NGUYỄN KHẢ TRẠC Giá 3.xxx bé,3.4 triệu/tháng,25 m2,"Cầu Giấy, Hà Nội","Giá 3.xxx bé Địa chỉ: ngõ 47 Nguyễn Khả Trạc, Mai Dịch, Cầu Giấy, Hà Nội Nhà thang bộ, ô tô đỗ tận cửa Nội thất đầy đủ: Giường, tủ,…",https://phongtro123.com/cho-thue-phong-nguyen-kha-trac-gia-3-xxx-be-pr709604.html
"Thứ 3, 10:19 14/07/2026",CHO THUÊ PHÒNG NGUYỄN KHẢ TRẠC,3.4 triệu/tháng,25 m2,"Cầu Giấy, Hà Nội","Địa chỉ: ngõ 47 Nguyễn Khả Trạc, Mai Dịch, Cầu Giấy, Hà Nội Nhà thang bộ, ô tô đỗ tận cửa Nội thất đầy đủ: Giường, tủ, điều hoà, nóng…",https://phongtro123.com/cho-thue-phong-nguyen-kha-trac-pr709599.html
"Thứ 3, 09:08 14/07/2026","Cho thuê phòng tại hẻm 56, giá 2.4tr, có ban công rộng, nấu ăn tại Ngõ 89",2.4 triệu/tháng,19 m2,"Cầu Giấy, Hà Nội","Cho thuê phòng tại địa chỉ: Ngõ 89 ngách 38 hẻm 56 số 12 Lạc Long Quân.Phòng t5 đủ NT, có từ, giường...Có ban côngNấu ăn được.Toilet đủ đồ ở…",https://phongtro123.com/cho-thue-phong-tai-hem-56-gia-2-4tr-co-ban-cong-rong-nau-an-tai-ngo-89-pr647806.html
"Thứ 2, 10:57 13/07/2026",Cho thuê phòng trọ 15m2 Đường Nguyên Hồng (gần Hồ Thành Công),1.5 triệu/tháng,15 m2,"Ba Đình, Hà Nội","Phòng trọ 15m2 .- Giường , Tủ quần áo, Điều hoà, nóng lạnh , intenet, ...... đầy đủ.- Giờ giấc tự do....- Gần ĐH luật, ngoại Thương, GTVT, gần chợ…",https://phongtro123.com/cho-thue-phong-tro-15m2-duong-nguyen-hong-gan-ho-thanh-cong-pr708413.html
"Thứ 2, 10:24 13/07/2026",PHÒNG TRỌ KHÉP KÍN – VÀO Ở NGAY – CẦU GIẤY,3.4 triệu/tháng,25 m2,"Cầu Giấy, Hà Nội","Địa chỉ: Nhà 11A, ngõ 35 Trần Thái Tông, Dịch Vọng, Cầu Giấy Phòng 302 khép kín – Giá chỉ 3,4 triệu/tháng– Có thể vào ở luôn. Vị trí cực…",https://phongtro123.com/phong-tro-khep-kin-vao-o-ngay-cau-giay-pr709551.html
"Thứ 2, 03:53 13/07/2026","Cho nữ thuê (share) phòng trọ đẹp 20m2 trong CCMN ngõ 245 phố Định Công, 1,5tr full nội thất",1.5 triệu/tháng,20 m2,"Hoàng Mai, Hà Nội",+ Cho nữ share phòng trọ 20m2 trong căn CCMN 45m2.Phòng riêng rất đẹp.Thang máy.Giờ giấc tự do. Khoá cổng vân tay. Để xe tầng 1.Nội thất full. (Có sẵn:…,https://phongtro123.com/cho-nu-thue-share-phong-tro-dep-20m2-trong-ccmn-pho-dinh-cong-hoang-mai-1-5tr-full-noi-that-2-pr694155.html
"Thứ 7, 13:11 11/07/2026","Cho Thuê Phòng Trọ Ban Công Thoáng Mát, CCMN 7 Tầng, Q Long Biên",3 triệu/tháng,25 m2,"Long Biên, Hà Nội","Căn hộ cao cấp CCMN Việt Hưng, Q Long Biên 28m² 1PN- Gia cho thuê: 3 triệu.- Cho thuê căn hộ chung cư mini cao cấp 7 tầng mới xây, có ban công, thang máy tốc…",https://phongtro123.com/cho-thue-phong-tro-ban-cong-thoang-mat-ccmn-7-tang-q-long-bien-pr708119.html
"Thứ 7, 11:43 11/07/2026","PHÒNG TRỌ PHÚ DIỄN – VÀO Ở NGAY Nhà số 39, ngõ 193 Phú Diễn, Bắc Từ Liêm.",3 triệu/tháng,25 m2,"Bắc Từ Liêm, Hà Nội","Nhà số 39, ngõ 193 Phú Diễn, Bắc Từ Liêm. Phòng 3.000.000đ/tháng – Vệ sinh khép kín. Full nội thất: Giường, tủ, đệm, điều hòa, bàn ghế, tủ bếp,…",https://phongtro123.com/phong-tro-phu-dien-vao-o-ngay-nha-so-39-ngo-193-phu-dien-bac-tu-liem-pr709488.html
"Thứ 7, 11:14 11/07/2026",PHÒNG TRỌ PHÚ DIỄN – VÀO Ở NGAY,2.1 triệu/tháng,25 m2,"Bắc Từ Liêm, Hà Nội","Số 1, ngõ 68/65 Phú Diễn -Bắc Từ LiêmNội thất: Giường, tủ, đệm, điều hoà, nóng lạnh, bàn bếp, máy giặt chungKhoá vân tay – Ô tô đỗ cửaGần ĐH…",https://phongtro123.com/phong-tro-phu-dien-vao-o-ngay-pr709486.html
"Thứ 6, 21:44 10/07/2026","Chủ nhà cho thuê phòng trọ khép kín 50 m2 Đường Cổ nhuế, Bắc Từ liêm cũ, Hà nội",5.4 triệu/tháng,50 m2,"Bắc Từ Liêm, Hà Nội","Chủ nhà cho thuê phòng 50m2 khép kín Ngõ 43, Đường Cổ nhuế ( Đông Ngạc) Bắc Từ liêm cũ Hà nội.Căn hộ có Phòng Ngủ, Khách riêng, Bếp, Vệ sinh.... khép…",https://phongtro123.com/chu-nha-cho-thue-phong-tro-khep-kin-50-m2-duong-co-nhue-bac-tu-liem-cu-ha-noi-pr704317.html
"Thứ 6, 21:41 10/07/2026","Gia đình cho thuê Phòng trọ khép kín. DT 28 m2, , Đường Cổ nhuế, Bắc Từ Liêm (cũ)Hà nội",3.2 triệu/tháng,28 m2,"Bắc Từ Liêm, Hà Nội","Gia đình cho thuê Phòng trọ tại Dc ngõ 43 , Đường Cổ nhuế , Phường Cổ nhuế 2 (Phường Đông Ngạc mới), Bắc Từ liêm Hà nộiNhà khép kínĐiện, nước…",https://phongtro123.com/gia-dinh-cho-thue-phong-tro-khep-kin-dt-20-m2-2-4-trieu-thang-duong-co-nhue-bac-tu-liem-hn-pr683424.html
"Thứ 6, 15:15 10/07/2026","Cho thuê phòng chính chủ Phố Phương Mai, Quận Đống Đa cũ",2.8 triệu/tháng,25 m2,"Đống Đa, Hà Nội","Cần cho thuê 1 phòng khép kín tại ngõ 15, Phố Phương Mai, Đống Đa, HN (Gần Viện Da liễu, Lão Khoa, Bạch Mai...và các Trường ĐH Bách Khoa, Xây Dựng, KTQD, ĐH…",https://phongtro123.com/cho-thue-phong-chinh-chu-pho-phuong-mai-quan-dong-da-cu-pr709446.html
"Thứ 6, 15:01 10/07/2026",Cho thuê phòng 10m2 Nhân Chính - Thanh Xuân - Hà Nội,1.2 triệu/tháng,10 m2,"Thanh Xuân, Hà Nội","Mình còn phòng tầng 1 cho thuê ở cùng với gia đình nên vì nhu cầu sinh hoạt ưu tiên cho 1 người thuêdiện tích khoảng 10m2, sạch sẽ, khép kín, an toàn, yên…",https://phongtro123.com/tinh-thanh/ha-noi/cho-thue-phong-10m2-nhan-chinh-thanh-xuan-ha-noi.html
"Thứ 6, 11:17 10/07/2026","CHO THUÊ PHÒNG TRỌ KHÉP KÍN GIÁ 2TR4 – MỸ ĐÌNH , NAM TỪ LIÊM",2.4 triệu/tháng,25 m2,"Nam Từ Liêm, Hà Nội","CHO THUÊ PHÒNG TRỌ KHÉP KÍN GIÁ 2TR4  – MỸ ĐÌNH , NAM TỪ LIÊMVị trí cực thuận tiện, gần nhiều trường đại học, cao đẳng. Mặt sau Sân vận động…",https://phongtro123.com/cho-thue-phong-tro-khep-kin-gia-2tr4-my-dinh-nam-tu-liem-2-pr709435.html
"Thứ 6, 11:14 10/07/2026","CHO THUÊ PHÒNG TRỌ GIÁ 2TR6 – MỸ ĐÌNH , NAM TỪ LIÊM",2.6 triệu/tháng,25 m2,"Nam Từ Liêm, Hà Nội","NHÀ 28, NGÕ 5 TÂN MỸ, MỸ ĐÌNH 1 – NAM TỪ LIÊMMặt sau SVĐ Mỹ Đình, gần:CĐ Bách Khoa, FPT, Đông Á, Thành Đô, Đại Việt, Bách Nghệ, ĐH Thương Mại,…",https://phongtro123.com/cho-thue-phong-tro-gia-2tr6-my-dinh-nam-tu-liem-pr709432.html
"Thứ 6, 10:52 10/07/2026","CÒN DUY NHẤT 1 PHÒNG CÓ GIÁ 2,6 TRIỆU – MỸ ĐÌNH , NAM TỪ LIÊM",2.6 triệu/tháng,25 m2,"Nam Từ Liêm, Hà Nội","CHO THUÊ PHÒNG GẦN SÂN VẬN ĐỘNG MỸ ĐÌNH Vị trí thuận tiện, gần CĐ Bách Khoa, ĐH FPT, Đông Á, Thành Đô Thương Mại, Sân khấu – Điện ảnh, phù hợp…",https://phongtro123.com/con-duy-nhat-1-phong-co-gia-2-6-trieu-my-dinh-nam-tu-liem-pr709430.html
"Thứ 6, 10:50 10/07/2026","CHO THUÊ PHÒNG TRỌ KHÉP KÍN GIÁ 2TR4 – MỸ ĐÌNH , NAM TỪ LIÊM",2.4 triệu/tháng,25 m2,"Nam Từ Liêm, Hà Nội","Địa chỉ: Nhà 28, ngõ 5 Tân Mỹ Mặt sau Sân vận động Mỹ Đình Vị trí cực thuận tiện, gần nhiều trường đại học, cao đẳng:* CĐ Bách Khoa , ĐH…",https://phongtro123.com/cho-thue-phong-tro-khep-kin-gia-2tr4-my-dinh-nam-tu-liem-pr709429.html
"Thứ 6, 07:47 10/07/2026",Chính chủ cho thuê ccmn khu vực Chùa Hà Cầu Giấy(ưu đãi thuê nhanh trong tháng),4.1 triệu/tháng,28 m2,"Cầu Giấy, Hà Nội","Vị trí: Cách mặt phố Chùa Hà - Cầu Giấy 5m.Siêu gần phố công nghệ Duy Tân, Discovery Complex, FLC Tower, công viên Cầu Giấy, các trường ĐH Giao Thông Vận…",https://phongtro123.com/chinh-chu-cho-thue-ccmn-khu-vuc-chua-ha-cau-giay-uu-tien-ho-gia-dinh-nho-pr603893.html
"Thứ 5, 17:58 09/07/2026",CHO THUÊ PHÒNG - ĐẦY ĐỦ TIỆN NGHI,2.7 triệu/tháng,25 m2,"Hoàng Mai, Hà Nội","CHO THUÊ PHÒNG– ĐỊNH CÔNG THƯỢNG - ĐẦY ĐỦ TIỆN NGHIĐịa chỉ: Số nhà 26A(nhà đầu ngõ), ngõ 220 Định Công Thượng, P. Định Công – Gần chợ, tiện…",https://phongtro123.com/cho-thue-phong-day-du-tien-nghi-pr709415.html
"Thứ 5, 14:23 09/07/2026",PHÒNG FULL ĐỒ NGAY TRUNG TÂM CẦU GIẤY - CHỈ TỪ 3,3.3 triệu/tháng,25 m2,"Cầu Giấy, Hà Nội",PHÒNG FULL ĐỒ NGAY TRUNG TÂM CẦU GIẤY - CHỈ TỪ 3Bạn không nhìn nhầm đâu! Địa chỉ: 11 TRẦN THÁI TÔNG – CẦU GIẤY Khép kín Full đồ vào ở…,https://phongtro123.com/phong-full-do-ngay-trung-tam-cau-giay-chi-tu-3-pr709280.html
"Thứ 4, 15:25 08/07/2026","CHO THUÊ CĂN STUDIO SIÊU XINH TẠI TỪ HOA, TÂY HỒ",5 triệu/tháng,30 m2,"Tây Hồ, Hà Nội","CHO THUÊ CĂN STUDIO SIÊU XINH TẠI TỪ HOA, TÂY HỒ- Số 28 ngõ 24 Từ Hoa, Tây Hồ.- Full đồ: tủ lạnh, tủ bếp, điều hòa, giường tủ, có ban công, cửa…",https://phongtro123.com/cho-thue-can-studio-sieu-xinh-tai-tu-hoa-tay-ho-pr700221.html
"Thứ 3, 16:47 07/07/2026","Nhà 5 tầng chia thành các phòng ,cho thuê làm nhà trọ tại Ngõ 70 Phố Hưng Thịnh- Yên Sở.",2.5 triệu/tháng,25 m2,"Hoàng Mai, Hà Nội","Tôi có nhà 5 tầng , mỗi tầng chia làm 3 phòng cho thuênhà trong khu tái định cư X2A đường ô tô tải tránh nhau, khu dân cư thoáng đãng sạch sẽ gần công…",https://phongtro123.com/nha-5-tang-chia-thanh-cac-phong-cho-thue-lam-nha-tro-tai-ngo-70-pho-hung-thinh-yen-so-pr709297.html
"Thứ 3, 14:52 07/07/2026",PHÒNG CHO THUÊ KHU VỰC KHƯƠNG TRUNG - NGÃ TƯ SỞ,2.5 triệu/tháng,13 m2,"Thanh Xuân, Hà Nội","Nhà chung chủ, phòng ở tầng 3, vệ sinh khép kín, diện tích 13 m2 giá 2,5 triệu/tháng+ Tiền nước: 35k/khối; Điện: 4k/số; Internet: 70k/…",https://phongtro123.com/phong-cho-thue-khu-vuc-khuong-trung-nga-tu-so-pr709284.html
"Thứ 3, 10:56 07/07/2026","Phòng trọ 1,6tr Đường Phạm Văn Đồng 22m² có Điều Hòa",1.6 triệu/tháng,22 m2,"Bắc Từ Liêm, Hà Nội","Cho thuê phòng 1,6 triệu/th có máy lạnh, gần đường Phạm Văn Đồng, Mỏ, Tài Chính, C.V Hòa Bình - An ninh tốt.- Phòng có: điều hòa nhiệt độ, internet…",https://phongtro123.com/phong-tro-1-6tr-duong-pham-van-dong-22m2-co-dieu-hoa-pr709273.html
"Thứ 3, 10:50 07/07/2026","CHO THUÊ PHÒNG 2.9tr TRỌ FULL ĐỒ – CÓ THANG MÁY – GẦN ĐẠI HỌC CÔNG NGHIỆP, FPT..",2.9 triệu/tháng,20 m2,"Bắc Từ Liêm, Hà Nội","CHO THUÊ PHÒNG TRỌ GIÁ RẺ – FULL NỘI THẤT – NHÀ MỚI XÂY – CÓ THANG MÁYĐịa chỉ: Số 6, ngõ 70/79/2 Vân Trì – Nguyên Xá. Gần nhiều trường ĐH lớn:…",https://phongtro123.com/cho-thue-phong-2-9tr-tro-full-do-co-thang-may-gan-dai-hoc-cong-nghiep-fpt-pr689496.html
"Chủ Nhật, 16:53 05/07/2026","1 Ngủ 1 Khách 1 Bếp Mới Xuân Thuỷ, Hồ Tùng Mậu - đối diện ĐH Quốc Gia.",4.8 triệu/tháng,30 m2,"Cầu Giấy, Hà Nội","Siêu phẩm 1N1K 1 bếp riêng + máy giặt nhà CMNN ở Cầu Giấy - Hồ Tùng Mậu.Ngõ 85 Xuân Thuỷ Cầu GiấyThuận tiện đi lại: Cầu Giấy, Trần Bình, Hồ Tùng…",https://phongtro123.com/1-ngu-1-khach-1-bep-moi-xuan-thuy-ho-tung-mau-doi-dien-dh-quoc-gia-pr698266.html
"Chủ Nhật, 16:35 05/07/2026",Chính chủ cho thuê phòng trọ ngõ 325 Kim Ngưu_Vĩnh Tuy mới,3.3 triệu/tháng,35 m2,"Hai Bà Trưng, Hà Nội","• Diện tích: 15 - 40m2 (6 phòng) vệ sinh khép kín• Ngõ rộng, 50m ra mặt đường Lạc Trung, Kim Ngưu, gần các trường đh Bách Kinh Xây, Gần khu vực times city,…",https://phongtro123.com/chinh-chu-cho-thue-phong-tro-ngo-325-kim-nguu-vinh-tuy-moi-pr709201.html
"Chủ Nhật, 05:27 05/07/2026","Cho thuê phòng trọ kk Trần Thái Tông 3,5 tr ,gần Học Viện Báo Chí, ĐH Quốc Gia.",3.5 triệu/tháng,28 m2,"Cầu Giấy, Hà Nội","Cho thuê phòng trọ kk Trần Thái Tông 3,5 tr,gần Học Viện Báo Chí, ĐH Quốc Gia.Địa chỉ: Nhà 11A . Ngõ 35/17c Trần Thái Tông, Cầu Giấy gần ngã tư Trần Thái…",https://phongtro123.com/cho-thue-phong-tro-kk-tran-thai-tong-3-5-tr-gan-hoc-vien-bao-chi-dh-quoc-gia-pr708856.html
"Thứ 6, 13:11 03/07/2026",Phòng ccmn 25 m2 fun đồ thoáng có ban công,4 triệu/tháng,25 m2,"Bắc Từ Liêm, Hà Nội",Phòng mới vừa hoạn thiên xong fun Dồ gôm giương . Tủ quần áo . Mấy giặt tủ bếp bình nóng lanh . Điều hòa . Tủ lạnh wfai Tùng phòng,https://phongtro123.com/phong-ccmn-25-m2-fun-do-thoang-co-ban-cong-pr708272.html
"Thứ 6, 10:20 03/07/2026",PHÒNG TRỌ KHÉP KÍN 25M² ĐỐI DIỆN ĐẠI HỌC Y,3 triệu/tháng,25 m2,"Đống Đa, Hà Nội","Phòng cho thuê chính chủ, không qua trung gian - khép kín 25m2- Điều hòa, nóng lạnh đầy đủ, có sẵn 1 giường- Vị trí thuận tiện : ngõ đối diện ĐH Y,…",https://phongtro123.com/phong-tro-khep-kin-25m2-doi-dien-dai-hoc-y-pr709077.html
"Thứ 5, 17:32 02/07/2026",Phòng trọ chính chủ rộng tại ngõ 622 Minh Khai - Timecity - Hà nội,3.3 triệu/tháng,25 m2,"Hai Bà Trưng, Hà Nội","Phòng đẹp, rộng 25m2, khép kín, có đồ cơ bản ( điều hoà, tắm nóng lạnh, bàn ghế, gường, tủ) có cửa sổ, thoáng mát sát T2 Timecity, ở được 3-4…",https://phongtro123.com/phong-tro-chinh-chu-rong-tai-ngo-622-minh-khai-timecity-ha-noi-pr709064.html
"Thứ 4, 16:00 01/07/2026",CHO THUÊ TẦNG 2 & 3 MẶT PHỐ NGUYỄN LƯƠNG BẰNG – ĐỐNG ĐA,Thỏa thuận,30 m2,"Đống Đa, Hà Nội","CHO THUÊ TẦNG 2 & 3 MẶT PHỐ NGUYỄN LƯƠNG BẰNG – ĐỐNG ĐA- Mặt phố 76 Nguyễn Lương Bằng, P. Quang Trung, Đống Đa, Hà Nội - Vị trí trung tâm nhiều văn…",https://phongtro123.com/cho-thue-tang-2-3-mat-pho-nguyen-luong-bang-dong-da-pr709004.html
"Thứ 3, 15:08 30/06/2026","Cho thuê phòng trọ 28m2, khép kín ở Ngõ 121 phố Kim Ngưu, Thanh Lương, Hà Nội",2.7 triệu/tháng,28 m2,"Hai Bà Trưng, Hà Nội","Cho thuê căn hộ nhỏ 28m2, nằm trong chung cư 2 tầng, gồm 6 căn hộ nhỏ.1. Đặc điểm: Nằm ở Ngõ 121, phường thanh lương, phố Kim ngưu, quận hai bà trưng Hà…",https://phongtro123.com/dau-nam-2022-cho-thue-phong-tro-21m2-khep-kin-o-ngo-121-pho-kim-nguu-thanh-luong-ha-noi-pr596007.html
"Thứ 2, 22:17 29/06/2026","Phòng đủ đồ tầng4 thang bộ, chung chủ, gần công viên Hòa Bình 5,0 triệu/50m, Điện2,5-3,2K Nước50-70K",5 triệu/tháng,50 m2,"Bắc Từ Liêm, Hà Nội","Phòng trọ Xuân Đỉnh tầng 4 chung thang bộ với chủ nhà, gần công viên Hòa Bình 5 triệu/50m2, điện-nước giá nhà nước (2.500-3.200đ/số, nước…",https://phongtro123.com/phong-du-do-tang4-thang-bo-chung-chu-gan-cong-vien-hoa-binh-5-0-trieu-50m-dien2-5-3-2k-nuoc50-70k-pr708679.html
"Thứ 2, 18:19 29/06/2026","Cho thuê Phòng tại Ngõ 766, phố La Thành, Giảng Võ, Ba Đình, HN",3 triệu/tháng,25 m2,"Ba Đình, Hà Nội","Nhà tôi còn 01 phòng tại tầng 5 muốn cho thuê. Diện tích 25m2, khép kín, cửa sổ to thoáng mát, sạch, đẹp, yên tĩnh,… hệ thống điện, nước đồng bộ,…",https://phongtro123.com/cho-thue-phong-tai-ngo-766-pho-la-thanh-giang-vo-ba-dinh-hn-pr708923.html
"Thứ 2, 16:25 29/06/2026","Cho thuê phòng trọ khu X2A, Yên Sở, Hà Nội.",2.5 triệu/tháng,25 m2,"Hoàng Mai, Hà Nội","Phòng trọ 25m2 khép kín đầy đủ điều hoà nóng lạnh. Phòng trong nhà 5 tầng, thoáng mát sạch sẽ. Nhà trong khu phâm lô đường rộng, an ninh tốt. Đi lại ko…",https://phongtro123.com/cho-thue-phong-tro-khu-x2a-yen-so-ha-noi-pr707525.html
"Thứ 2, 16:17 29/06/2026","CHO THUÊ PHÒNG FULL ĐỒ, QUAN NHÂN, GẦN CHỢ, CẦU VƯỢT LÊ VĂN LƯƠNG, NHÀ MỚI",5.1 triệu/tháng,30 m2,"Thanh Xuân, Hà Nội","Cho thuê phòng nhà mới, full đồ, rộng thoáng, số 52, ngõ 144 Quan Nhân, Thanh Xuân, Hà Nội.Vị trí trung tâm thuận tiện đi lạiGiá: 5,100,000đ/thángLH số đt…",https://phongtro123.com/cho-thue-ccmn-full-do-quan-nhan-gan-tro-cau-vuot-le-van-luong-nha-moi-2-pr690322.html
"Thứ 2, 15:12 29/06/2026",cho thuê 2 phòng trọ còn trống tại khu vực Quan Nhân Thanh Xuân,3 triệu/tháng,20 m2,"Thanh Xuân, Hà Nội",cho thuê 2 phòng trọ còn trống tại khu vực Quan Nhân Thanh Xuâncó chỗ phơi quần áocửa vân tay đi lại thoải mái 24/24nếu muốn nhắn zalo thì nhắn số…,https://phongtro123.com/cho-thue-2-phong-tro-con-trong-tai-khu-vuc-quan-nhan-thanh-xuan-pr708912.html
"Thứ 2, 10:55 29/06/2026","Cho thuê phòng 2tr2/tháng Full đồ ngõ 1096 Đường Láng, gần DH GTVT, cầu 361",2.2 triệu/tháng,20 m2,"Đống Đa, Hà Nội","Địa chỉ: ngõ 1096 Đường Láng, Láng Thượng, Đống Đa, Hà Nội- Nhà có sân rộng, sạch sẽ, thoáng mát- Nội thất đầy đủ: Máy lạnh, tủ quần áo, bàn…",https://phongtro123.com/cho-thue-phong-1-950k-thang-full-do-ngo-1096-duong-lang-gan-dh-gtvt-cau-361-pr708020.html
"Chủ Nhật, 22:26 28/06/2026",Phòng trọ khép kín 27m mới tinh - Nhà 3 mặt thoáng vô cùng mát mẻ,5 triệu/tháng,27 m2,"Nam Từ Liêm, Hà Nội","• Nội thất: Sẵn giường đôi, tủ quần áo gỗ cao cấp, bếp nấu riêng biệt đảm bảo không mùi, sạch sẽ.• Thiết bị: Điều hòa mát sâu, bình nóng…",https://phongtro123.com/phong-tro-khep-kin-27m-moi-tinh-nha-3-mat-thoang-vo-cung-mat-me-pr708886.html
"Chủ Nhật, 22:14 28/06/2026","Diện tích: ~15m² (Phòng vuông vắn, tối ưu không gian, có cửa sổ lớn cực thoáng mát)",3.2 triệu/tháng,15 m2,"Nam Từ Liêm, Hà Nội","PHÒNG FULL NỘI THẤT – THANG MÁY – GIÁ CHỈ 3,2 TRIỆU/THÁNG - Ngõ 169 Trung Văn – vị trí thuận tiện, khu dân cư văn minh, an ninh.- Phòng đầy đủ nội…",https://phongtro123.com/dien-tich-15m2-phong-vuong-van-toi-uu-khong-gian-co-cua-so-lon-cuc-thoang-mat-pr708884.html
"Chủ Nhật, 18:55 28/06/2026","Phòng trọ có nội thất tại Tân Mai, chỉ từ 2 triệu/ tháng, có sân đậu ô tô",2 triệu/tháng,20 m2,"Hoàng Mai, Hà Nội","Vị trí: Số 18 ngách 2, ngõ 147A Tân Mai, Hà Nội.Giá tốt: 2.0tr - 2.5tr/tháng. Đóng 1 cọc 1Diện tích: 18m² - 20m²Nội thất như hình: Giường nệm, điều…",https://phongtro123.com/phong-tro-co-noi-that-tai-tan-mai-chi-tu-2-trieu-thang-co-san-dau-o-to-pr708879.html
"Chủ Nhật, 13:51 28/06/2026",Cho thuê phòng trọ giá 1 Triệu,1 triệu/tháng,16 m2,"Bắc Từ Liêm, Hà Nội","Phòng trọ giá rẻCho thuê phòng trọ khép kín sạch sẽ, trần nhựa, thoáng mát, an ninh tốt, có bếp nấu ăn riêng, có gác sép để đồ, phòng đẹp, sàn lát…",https://phongtro123.com/cho-thue-phong-tro-gia-1-trieu-2-pr708868.html
"Chủ Nhật, 10:16 28/06/2026",Cho thuê phòng P401 - NHÀ 4 - NGÁCH 208 - NGÕ 8 - LÊ QUANG ĐẠO,2.5 triệu/tháng,19 m2,"Nam Từ Liêm, Hà Nội","Phòng khép kín giá chỉ 2.5tr/thángDiện tích 20m² + gác xép 3m², ở gọn gàng, thoải máiSẵn điều hòa 9.000BTU, bình nóng lạnh 20LCó giường đôi 1m6, tủ…",https://phongtro123.com/cho-thue-can-ho-p401-nha-4-ngach-208-ngo-8-le-quang-dao-pr705787.html
"Thứ 7, 22:04 27/06/2026","Tầng 5 Thang Bộ Chung Chủ ĐủĐồ gần CôngViên HòaBình 3,3 triệu/30m Điện2,5-3,2K Nước50-70K, Free Wifi",3.3 triệu/tháng,30 m2,"Bắc Từ Liêm, Hà Nội","Phòng trọ Xuân Đỉnh tầng 5 chung thang bộ với chủ nhà, gần công viên Hòa Bình 3,3 triệu/30m2, điện-nước giá nhà nước (2.500-3.200đ/số, nước…",https://phongtro123.com/phong-tro-xuan-dinh-tang-5-chung-thang-bo-voi-chu-nha-gan-cong-vien-hoa-binh-3-3-trieu-30m2-dien-nuoc-gia-nha-nuoc-pr643289.html
"Thứ 7, 17:30 27/06/2026","Phòng trọ khép kín cho thuê , phòng mới xây sạch sẽ, an ninh trật tự tốt, đầy đủ tiện nghi",3 triệu/tháng,40 m2,"Hoài Đức, Hà Nội","Phòng trọ khép kín cho thuê , phòng mới xây sạch sẽ, an ninh trật tự tốtĐầy đủ tiện nghi, chỉ việc vào ở, không phải mua sắm đồ gì",https://phongtro123.com/phong-tro-khep-kin-cho-thue-phong-moi-xay-sach-se-an-ninh-trat-tu-tot-day-du-tien-nghi-pr708845.html
"Thứ 6, 15:30 26/06/2026",Phòng trọ cho thuê tòa mới xây full nội thất giá 3.95tr,3.95 triệu/tháng,19 m2,"Hà Đông, Hà Nội","CCMNi full nội thất giá 3.95tr ( ban công rộng, 15 phòng gác xép; 3 phòng Studio) hợp đồng 12 tháng, đóng 1 cọc 1. ĐỒNG GIÁ, PHÒNG 100% CÓ BAN CÔNG hoặc cửa sổ…",https://phongtro123.com/phong-tro-cho-thue-toa-moi-xay-pr708806.html
"Thứ 6, 09:12 26/06/2026","Cho thuê phòng trọ, Full đồ, khép kín, Chính chủ, Trung tâm ngã ba Trần Cung-Phạm Văn Đồng, Hà Nội.",4.3 triệu/tháng,20 m2,"Bắc Từ Liêm, Hà Nội","- Cho thuê phòng trọ, Full đồ khép kín, Chính chủ.- Phòng đẹp, nhà mới xây, Mặt ngõ ô tô, gần đường chính, cách đường Trần Cung 1 nhà, Gần ngã 3…",https://phongtro123.com/cho-thue-phong-tro-full-do-khep-kin-chinh-chu-so-3-dau-ngo-562-tran-cung-ha-noi-pr703046.html
"Thứ 6, 08:47 26/06/2026","Cho thuê phòng Full đồ ngõ 1096 Đường Láng, gần DH GTVT, cầu 361",3.3 triệu/tháng,25 m2,"Đống Đa, Hà Nội","Chính chủ cho thuê phòng full đồ ngay đầu ngõ 1096 Đường Láng, Láng Thượng, Đống Đa, Hà Nội- Gần ĐH Giao Thông Vận Tải, ĐH Ngoại Thương, Ngoại Giao.…",https://phongtro123.com/cho-thue-phong-full-do-khep-kin-ngo-1096-duong-lang-gan-dh-gtvt-pr655051.html
"Thứ 6, 08:47 26/06/2026","Cho thuê phòng trọ 1.6tr full đồ ngõ 1096 Láng, gần cầu 361, DH Giao Thông vận tải",1.95 triệu/tháng,10 m2,"Đống Đa, Hà Nội","Cho thuê phòng 1,6tr ngay đầu ngõ 1096 Láng, Đống Đa, Hà Nội- Vị trí thuận lợi, gần các trường ĐH lớn như NGoại Thương, Ngoại Giao. Ngay đầu…",https://phongtro123.com/cho-thue-phong-tro-2-3tr-full-do-ngo-1096-lang-gan-cau-361-dh-gtvt-pr655052.html
"Thứ 5, 20:17 25/06/2026",Địa chỉ : 16/97 Khương Trung - Thanh Xuân Trống phòng tầng 6 . 1/7 vào,4.4 triệu/tháng,25 m2,"Thanh Xuân, Hà Nội",Địa chỉ : 16/97 khương trung - Thanh Xuân Trống phòng tầng 6 . 1/7 vào Giá thuê : 4tr4 Nội thất Full đồ như hình ( có đầu chờ máy giặt riêng )…,https://phongtro123.com/dia-chi-16-97-khuong-trung-thanh-xuan-trong-phong-tang-6-1-7-vao-pr708775.html
"Thứ 5, 20:10 25/06/2026",Địa chỉ : 77 Bùi Xương Trạch - Thanh Xuân Trống 5 phòng ở luôn,4.8 triệu/tháng,25 m2,"Thanh Xuân, Hà Nội","Địa chỉ : 77 Bùi Xương Trạch - Thanh Xuân Trống 5 phòng ở luôn Giá thuê : 4tr8 Nội thất. Điều hòa, nóng lạnh, tủ lạnh, giường,tủ quần áo,…",https://phongtro123.com/dia-chi-77-bui-xuong-trach-thanh-xuan-trong-5-phong-o-luon-pr708774.html
"Thứ 5, 20:04 25/06/2026","Địa chỉ : 41/36/16 Đông Tác - Đống Đa ⏰ Trống : P303,P603",4.6 triệu/tháng,25 m2,"Đống Đa, Hà Nội","Địa chỉ : 41/36/16 Đông Tác - Đống Đa ⏰ Trống : P303,P603 ————————— giá : 4tr6 Phòng : Gác Xép ( 25m2 ) Thang máy Nội thất : Đồ cơ…",https://phongtro123.com/dia-chi-41-36-16-dong-tac-dong-da-trong-p303-p603-pr708773.html
"Thứ 5, 19:54 25/06/2026",Địa chỉ : Ngõ 148 Dương Văn Bé - Hai Bà Trưng ⏰ Trống : Tầng 1,4.3 triệu/tháng,25 m2,"Hai Bà Trưng, Hà Nội",Địa chỉ : Ngõ 148 Dương Văn Bé - Hai Bà Trưng ⏰ Trống : Tầng 1 ——————— giá : 4tr3 Phòng : Studio Thang Bộ Nội thất : Full nội thất…,https://phongtro123.com/dia-chi-ngo-148-duong-van-be-hai-ba-trung-trong-tang-1-pr708772.html
"Thứ 5, 16:03 25/06/2026","PHÒNG TRỌ GIÁ RẺ KHÉP KÍN MỘ LAO, QUẬN HÀ ĐÔNG, HN",3.5 triệu/tháng,20 m2,"Hà Đông, Hà Nội","Phòng khép kín ko chung chủ, có ban công gác xép kệ bếp, full đồ nóng lạnhĐịa chỉ: Số 6 ngách 38/16 Đường Nguyễn Thanh Bình, Phường Mỗ Lao, Quận Hà…",https://phongtro123.com/phong-tro-gia-re-khep-kin-mo-lao-pr684788.html
"Thứ 5, 11:24 25/06/2026","Cho thuê phòng trọ 1,3 tr phạm tuấn tài, Cầu Giấy . gần đại học quốc gia, báo chí, điện lực..",1.3 triệu/tháng,8 m2,"Cầu Giấy, Hà Nội","CHO THUÊ PHÒNG TRỌ NHÀ 4 PHẠM TUẤN, CẦU GIẤY TÀI GIÁ 1.3TR,Địa chỉ : Nhà 4 ngõ 3/1 Phạm Tuấn Tài, Cầu Giấy, Hà NộiTrống phòng ở luôn ngõ rộng ô tô…",https://phongtro123.com/cho-thue-phong-tro-1-3-tr-pham-tuan-tai-cau-giay-gan-dai-hoc-quoc-gia-bao-chi-dien-luc-pr691051.html
"Thứ 5, 11:14 25/06/2026","Cho thuê nhà trọ giá rẻ 3.9 tr địa chỉ 37 ngõ 148 Trần Duy Hưng, Cầu Giấy.",3.9 triệu/tháng,28 m2,"Cầu Giấy, Hà Nội","Địa chỉ: Số nhà 37 ngõ 148 Trần Duy Hưng, Cầu Giấy, Hà Nội.Phòng ở vị trí tầng 2Nội thất: Giường tủ, điều hoà, nóng lạnh, cổng vân tay an…",https://phongtro123.com/cho-thue-nha-tro-gia-re-3-9-tr-dia-chi-37-ngo-148-tran-duy-hung-cau-giay-pr707441.html
"Thứ 5, 11:14 25/06/2026","Cho thuê nhà trọ 22m2 giá ưu đãi 3,0-3.6 triệu tại Trịnh Văn Bô, đại học Đông Á, FPT, ĐH Công Nghiệp",3 triệu/tháng,22 m2,"Nam Từ Liêm, Hà Nội","Nhanh tay sở hữu nhà trọ 22m² tại Trịnh Văn Bô, Phương Canh, Nam Từ Liêm, Hà Nội với giá chỉ 3,0 triệu VND.+ Diện tích: 22m², không gian thoáng đãng và…",https://phongtro123.com/cho-thue-nha-tro-22m2-gia-uu-dai-3-0-trieu-tai-trinh-van-bo-dai-hoc-dong-a-fpt-dh-cong-nghiep-pr689576.html
"Thứ 5, 11:14 25/06/2026","Cho thuê nhà trọ 3- 3,5tr 1pn, 1wc, 22m2, giá ưu đãi tại trịnh văn bô, p xuân phương. nhà thang máy",3.5 triệu/tháng,22 m2,"Nam Từ Liêm, Hà Nội","Nhanh tay! Cơ hội thuê nhà trọ thang máy 1PN, 1WC, 22m² tại Đường Trịnh Văn Bô, Phường Xuân Phương, Hà Nội - Quận Nam Từ Liêm, Hà Nội cũ với giá 3- 3,5…",https://phongtro123.com/cho-thue-nha-tro-3-5-1pn-1wc-22m2-gia-uu-dai-tai-trinh-van-bo-p-xuan-phuong-nha-thang-may-pr707828.html
"Thứ 5, 07:50 25/06/2026","Phòng rộng tại Triều Khúc cho hộ gia đình, nhóm bạn thuê",4.6 triệu/tháng,38 m2,"Thanh Xuân, Hà Nội","Phòng rộng vào ở luôn cho hộ gia đình , nhóm người đi làm thuê,tại ngõ 83 Tân Triều, Triều Khúc. Phòng rộng 38m².không chung chủ,giờ giấc tự do. Đầy…",https://phongtro123.com/phong-rong-tai-trieu-khuc-cho-ho-gia-dinh-nhom-ban-thue-pr708094.html
"Thứ 4, 20:39 24/06/2026",[TRƯỜNG CHINH] CĂN HỘ DỊCH VỤ SẴN ĐỒ - GIÁ CHỈ TỪ 3TR,3 triệu/tháng,20 m2,"Thanh Xuân, Hà Nội","Tiện ích: Sẵn giường nệm, tủ quần áo lớn, kệ để đồ, điều hòaVị trí: Khu vực trung tâm Trường Chinh, ngõ thông thoáng, thuận tiện đi lại sang…",https://phongtro123.com/truong-chinh-can-ho-dich-vu-san-do-gia-chi-tu-3tr-pr708721.html
"Thứ 4, 15:45 24/06/2026",phòng trọ phòng mới Thanh Xuân,4.5 triệu/tháng,25 m2,"Thanh Xuân, Hà Nội","️ Địa chỉ: ngõ 100 Nguyễn Xiển, cách ngã tư Nguyễn Trãi - Khuất Duy Tiến 300m, cách các trường đại học Hà Nội, KHTN, Thăng Long... 5p đi xe, gần chợ, gần…",https://phongtro123.com/phong-tro-phong-moi-thanh-xuan-pr708698.html
"Thứ 4, 10:27 24/06/2026","HỖ TRỢ CỌC 500K Pass phòng trọ t7 (Hợp đồng còn 4 tháng), Lhe zalo 0787030970",3.8 triệu/tháng,22 m2,"Nam Từ Liêm, Hà Nội","Pass phòng trọ t7 (Hợp đồng còn 4 tháng) Điện: 3k8/sốNước: 35k/khốiDịch vụ: 150k/người (đã bao gồm thang máy, vệ sinh, máy giặt,...)Mạng:…",https://phongtro123.com/pass-phong-tro-t7-hop-dong-con-4-thang-pr708571.html
"Thứ 4, 09:17 24/06/2026","HOÀNG HOA THÁM, BA ĐÌNH - CHỈ 4TR - FULL ĐỒ - MÁY GIẶT RIÊNG",4 triệu/tháng,25 m2,"Ba Đình, Hà Nội","HOÀNG HOA THÁM, BA ĐÌNH - FULL ĐỒ - MÁY GIẶT RIÊNG - CHỈ 4TR/THÁNG PCCC ĐẢM BẢO AN TOÀN (Thang thoát hiểm, báo cháy tự động) FULL NỘI THẤT (Giường,…",https://phongtro123.com/hoang-hoa-tham-ba-dinh-chi-4tr-full-do-may-giat-rieng-pr704040.html
"Thứ 4, 09:17 24/06/2026","MỄ TRÌ, NAM TỪ LIÊM - FULL ĐỒ • BAN CÔNG • MÁY GIẶT RIÊNG • PHÒNG THOÁNG",4.3 triệu/tháng,28 m2,"Nam Từ Liêm, Hà Nội","MỄ TRÌ, NAM TỪ LIÊMFULL ĐỒ • BAN CÔNG • MÁY GIẶT RIÊNG • PHÒNG THOÁNGPhí dịch vụ mềm, tiết kiệm hơn mặt bằng chungKhông chung chủ – giờ giấc…",https://phongtro123.com/me-tri-nam-tu-liem-full-do-ban-cong-may-giat-rieng-phong-thoang-pr708267.html
"Thứ 4, 09:17 24/06/2026",PHAN ĐÌNH GIÓT | THANH XUÂN - GẦN BKX • CỬA SỔ LỚN • FULL ĐỒ • PHÒNG THOÁNG RỘNG – 4TR6,4.6 triệu/tháng,26 m2,"Thanh Xuân, Hà Nội","PHAN ĐÌNH GIÓT | THANH XUÂN GẦN BKX • CỬA SỔ LỚN • FULL ĐỒ • PHÒNG THOÁNG RỘNG – 4TR6 Ngõ nông, gần phố – tiện di chuyển Sát chợ & siêu thị –…",https://phongtro123.com/phan-dinh-giot-thanh-xuan-gan-bkx-cua-so-lon-full-do-phong-thoang-rong-4tr6-pr708633.html
"Thứ 3, 15:12 23/06/2026",Cho thuê phòng trọ khu vực Phú Diễn - Bắc Từ Liêm,1.2 triệu/tháng,16 m2,"Bắc Từ Liêm, Hà Nội","Nhà mình còn 2 phòng trọ cần cho thuêYên tĩnh, bảo đảm an toànMiễn trung gianLiên hệ Bác Chinh - 0838 295510",https://phongtro123.com/cho-thue-phong-tro-khu-vuc-phu-dien-bac-tu-liem-pr695350.html
"Thứ 3, 13:34 23/06/2026",CHO THUÊ PHÒNG TRỌ GIÁ HỢP LÝ - PHÒNG SIÊU ĐẸP,3.8 triệu/tháng,25 m2,"Bắc Từ Liêm, Hà Nội",CHO THUÊ PHÒNG Mã Bee310 - Từ Liêm Địa chỉ: Ngõ 136 Cầu Diễn Giá: 3tr8 - 4tr2 Diện tích : 25 - 27m² Phòng: Trục 1. 2. 3. 6. 7. 8 / Tầng : 2 - 6…,https://phongtro123.com/cho-thue-phong-tro-gia-hop-ly-phong-sieu-dep-pr708648.html
"Thứ 2, 21:05 22/06/2026","Cho thuê phòng studio 25m2 ngõ 43 Chùa Bộc, full đồ, pccc tự động tiêu chuẩn quốc gia",4.5 triệu/tháng,25 m2,"Đống Đa, Hà Nội",CỰC HOT! PHÒNG ĐẸP CHÙA BỘC - FULL ĐỒ - GIÁ CHỈ TỪ 4.xxxTRĐịa chỉ: Ngõ 43 Chùa Bộc.Diện tích: 25m² - Cửa sổ lớn siêu thoáng.Tiện nghi: Full đồ…,https://phongtro123.com/cho-thue-phong-studio-25m2-ngo-43-chua-boc-full-do-pccc-tu-dong-tieu-chuan-quoc-gia-pr708623.html
"Thứ 2, 16:36 22/06/2026","PHÒNG TRỌ SẠCH ĐẸP, KHÉP KÍN, GIÁ RẺ – QUAN NHÂN, THANH XUÂN",2.8 triệu/tháng,15 m2,"Thanh Xuân, Hà Nội","PHÒNG TRỌ KHÉP KÍN, GIÁ RẺ Địa chỉ: Ngõ 145 phố Quan Nhân, phường Thanh Xuân, Hà Nội (khu Nhân Chính cũ). Diện tích: 15m², tầng 3. Nhà vệ sinh…",https://phongtro123.com/phong-tro-sach-dep-khep-kin-gia-re-quan-nhan-thanh-xuan-pr708615.html
"Thứ 7, 13:28 20/06/2026",Cho Thuê Phòng Trọ giá cả hợp lí phù hợp cho hssv. Có sẵn các mã phòng khác để khác lựa chọn !,3.6 triệu/tháng,20 m2,"Bắc Từ Liêm, Hà Nội",Nhận xe điện: Chưa xác địnhTiện ích xung quanh:Vị trí: Tu Hoàng | Đường Cầu Diễn | Đường 32 | Giáp Nam Từ Liêm (3p) | Giáp Hoài Đức (5p).Tiện ích:…,https://phongtro123.com/cho-thue-phong-tro-gia-ca-hop-li-phu-hop-cho-hssv-co-san-cac-ma-phong-khac-de-khac-lua-chon-pr708521.html
"Thứ 7, 11:39 20/06/2026",CHÍNH CHỦ CHO THUÊ CCMN NGÕ 23 XUÂN LA TÂY HỒ VÀO Ở ĐƯỢC NGAY,5.3 triệu/tháng,30 m2,"Tây Hồ, Hà Nội","Địa chỉ : Ngõ 23 Xuân La - Tây Hồ⏰ Trống: Trục 01,02————————giá : 5tr3Phòng : Studio ( 30m2 ) Ban CôngThang MáyNội thất : Full ban công,…",https://phongtro123.com/chinh-chu-cho-thue-ccmn-moi-toanh-vao-o-ngay-duoc-pr708518.html
"Thứ 6, 22:17 19/06/2026","CCMN Full đồ 426 Tây Sơn gần tòa nhà Mipec, ĐH Thủy Lợi, Công Đoàn",4.6 triệu/tháng,25 m2,"Đống Đa, Hà Nội","Cho thuê CCMN Full đồ 426 Tây Sơn gần tòa nhà Mipec, ĐH Thủy Lợi, Công Đoàn- Nhà 6/426 Tây Sơn, Ngã Tư Sở, Đống Đa (gần ngay Công Đoàn, Thủy Lợi, Tòa…",https://phongtro123.com/cho-thue-phong-tro-ccmn-full-do-o-424-tay-son-nga-tu-so-dong-da-ha-noi-pr605833.html
"Thứ 6, 17:05 19/06/2026",PHÒNG TRỌ PHÚ ĐÔ ĐẦY ĐỦ NỘI THẤT - VÀO Ở NGAY - SỐ LƯỢNG ÍT,3.9 triệu/tháng,35 m2,"Nam Từ Liêm, Hà Nội","Khu vực Ngõ 153 Phú Đô – đi lại thuận tiện, gần trường, an ninh tốt Phòng trọ đầy đủ đồ – chỉ việc xách vali vào ở️ Giường, tủ️ Điều…",https://phongtro123.com/chao-don-tan-sinh-vien-phong-tro-phu-do-gia-tot-o-ngay-pr708399.html
"Thứ 6, 10:55 19/06/2026",Cho thuê phòng trọ số 56 ngõ 48 ngọc hồi,1.3 triệu/tháng,33 m2,"Thanh Trì, Hà Nội","Cho thuê nhà trọ số 56 ngõ 48 ngọc hồi đường ngọc hồi gần bến xe nước ngầmDiện tích 33m2, giá 1.3 triệu/thángPhòng thoáng mát, sạch sẽ",https://phongtro123.com/cho-thue-phong-tro-so-56-ngo-48-ngoc-hoi-pr708461.html
"Thứ 6, 10:48 19/06/2026","Cho thuê phòng khép kín mới, sạch, đẹp. Có ban công nhỏ",3.7 triệu/tháng,22 m2,"Ba Đình, Hà Nội","Cần cho thuê phòng khép kín ngõ 766 đường La Thành, Hà NộiKhu nhà 5 tầng mới xây dựng, thiết bị mới, cực sạch sẽ, thoáng mát.Phòng diện tích 22m2,…",https://phongtro123.com/cho-thue-phong-khep-kin-moi-sach-dep-co-ban-cong-nho-2-pr708460.html
"Thứ 6, 09:42 19/06/2026",Cho thuê phòng trọ khép kín rẻ nhất khu vực Phường Cầu Giấy (Phường Yên Hòa cũ),2.8 triệu/tháng,16 m2,"Cầu Giấy, Hà Nội","Cho thuê phòng trọ mặt Phố Hoa Bằng - Phường Cầu Giấy (Khu vực Trung tâm Phường Yên Hòa cũ), gần các Trường ĐH GTVT, ĐH Luật HN, ĐH Ngoại Giao, ĐH Ngoại…",https://phongtro123.com/cho-thue-phong-tro-khep-kin-re-nhat-khu-vuc-phuong-yen-hoa-2-pr671642.html
"Thứ 6, 00:20 19/06/2026","Cho nữ thuê phòng trọ đẹp, sạch sẽ, thoáng mát",2.1 triệu/tháng,15 m2,"Ba Đình, Hà Nội","Ngõ thông, rộng đãi, đi lại thiận tiện, gần đường, trường, chợ15 ngõ 518 Đường Đội Cấn, Phường Ngọc Hà, Quận Ba ĐìnhGiá thuê 2.1 triệu/tháng",https://phongtro123.com/cho-nu-thue-phong-tro-dep-sach-se-thoang-mat-pr708445.html
"Thứ 5, 17:59 18/06/2026",GIẢM GIÁ 1TR - CHO THUÊ PHÒNG FULL ĐỒ KHÉP KÍN 3.300k TẠI 192 KIM GIANG ( Giảm ngay 1 Tr ),3.3 triệu/tháng,25 m2,"Thanh Xuân, Hà Nội","Cơ sở 1 Ngõ 192 Kim Giang vẫn còn phòng CCMN nhé ạ GIÁ CCMN CHỈ 3300K/1 PHÒNG KHÉP KÍN ( KHÔNG GIỚI HẠN SỐ LƯỢNG,ĐẨY ĐỦ GIƯỜNG TO, TỦ, TỦ LẠNH…",https://phongtro123.com/cho-thue-ccmn-full-do-khep-kin-3-3tr-tai-192-kim-giang-2-pr682100.html
"Thứ 5, 17:04 18/06/2026","cho thuê phòng trọ đường Hồ Tùng Mậu, Mai Dịch, Cầu Giấy, giá rẻ 2,9 tr",2.9 triệu/tháng,25 m2,"Cầu Giấy, Hà Nội","cho thuê phòng trọ đường Hồ Tùng Mậu, Mai Dịch, Cầu Giấy, giá rẻ 2,9 trGẦN GOLDMARK CITY, HỒ TÙNG MẬUĐịa chỉ: Nhà 11E3, ngõ 196 Hồ Tùng Mậu (khu biệt…",https://phongtro123.com/cho-thue-phong-tro-duong-ho-tung-mau-mai-dich-cau-giay-gia-re-2-9-tr-pr705912.html
"Thứ 4, 16:45 17/06/2026","Nhà số 26 ngách 256/56 phường Ngọc Thụy quận Long Biên, Hà Nội. Giá 3 triệu 1 phòng",3 triệu/tháng,30 m2,"Long Biên, Hà Nội","Nhà số 26 ngách 256/56 256/56 phường Ngọc Thụy quận Long Biên, Hà Nội. Có 2 phòng cho thuê, 1 phòng có diện tích 25 m2 và 1 phòng có diện tích 30m2, mỗi phòng…",https://phongtro123.com/nha-so-26-ngach-256-56-phuong-ngoc-thuy-quan-long-bien-ha-noi-gia-3-tr-1-phong-pr706995.html
"Thứ 4, 16:39 17/06/2026",(HỢP LÝ) Cho Thuê Studio Khép Kín Đầy Đủ Nội Thất Ngõ 435 Đường Xuân Đỉnh,3.2 triệu/tháng,22 m2,"Bắc Từ Liêm, Hà Nội","(*) Đầy Đủ Nội Thất:- Cổng khóa vân tay bảo mật ra vào- Camera giám sát nhà xe, cửa cổng và trước cửa từng phòng đảm bảo an ninh- Trang bị đầy…",https://phongtro123.com/hop-ly-cho-thue-can-ho-studio-khep-kin-day-du-noi-that-ngo-435-duong-xuan-dinh-pr685937.html
"Thứ 4, 12:10 17/06/2026",CHO THUÊ PHÒNG TRỌ Ở ĐẠI LINH TRUNG VĂN,2.4 triệu/tháng,9 m2,"Nam Từ Liêm, Hà Nội","Chính chủ có 2 phòng trọ cho thuê ở Đại Linh:Địa chỉ: Mặt đường ngõ 28, Đại Linh,Trung VănKhông chung chủKhông khép kín nhưng tầng chỉ có 2…",https://phongtro123.com/cho-thue-phong-tro-o-dai-linh-trung-van-pr708354.html
"Thứ 4, 11:59 17/06/2026","Cho thuê phòng trọ khép kín ngõ 322 đường Mỹ Đình, 20m2, Ful nội thất. Giá 2,9tr - 3,3tr/tháng",2.9 triệu/tháng,20 m2,"Nam Từ Liêm, Hà Nội","Toà nhà mình có 7 phòng khép kin đang cho thuê. Hiện, khách chuyển công việc nên mới trả phòng.Hiện trạng: phòng đang trống, vào ở ngay, phòng đẹp, sạch…",https://phongtro123.com/cho-thue-phong-tro-khep-kin-ngo-322-duong-my-dinh-18m2-ful-noi-that-gia-3-100000d-thang-pr704497.html
"Thứ 4, 10:31 17/06/2026",Cho thuê phòng tại H26 Số 51 ngõ 230/55 Mễ Trì Thượng,4.1 triệu/tháng,30 m2,"Nam Từ Liêm, Hà Nội","Cho thuê phòng tại H26 Số 51 ngõ 230/55 Mễ Trì  ThượngPhòng thoáng đủ đồ cơ bản, có thang máy, pccc đảm bảoDiện tích 30m2, giá thuê 4.1 triệu/tháng",https://phongtro123.com/h26-so-51-ngo-230-55-me-tri-thuong-pr708347.html
"Thứ 3, 17:57 16/06/2026","- Chính chủ cho thuê phòng ở, kề chợ Lai Xá, ô tô đỗ cửa, cách Quốc lộ 32 chỉ 80m, nội thất…",3 triệu/tháng,18 m2,"Hoài Đức, Hà Nội","- Chính chủ cho thuê phòng ở, nhà kề chợ Lai Xá, ô tô đỗ cửa, cách Quốc lộ 32 chỉ 80m.- Nhà 46m2 x 4 tầng, 5 phòng khép kín đủ giường, tủ, điều hòa,…",https://phongtro123.com/chinh-chu-cho-phong-o-nha-ke-cho-lai-xa-o-to-do-cua-cach-quoc-lo-32-chi-80m-noi-that-day-du-pr708240.html
"Thứ 3, 16:50 16/06/2026",Mã 1572 - Còn 10 phòng trọ cần cho thuê tại tòa nhà mới 100%,5.6 triệu/tháng,27 m2,"Đống Đa, Hà Nội","⏰ Trống: 10p tòa nhà mới tinh Giá : 5tr6 - 5tr7 có fix Tòa nhà mới 100%, chỉ 10 căn hộ, full nội thất cao cấp:️ Thang máy, khóa vân tay, camera 24/7️…",https://phongtro123.com/ma-1572-con-10-phong-tro-can-cho-thue-tai-toa-nha-moi-100-pr708321.html
"Thứ 3, 10:11 16/06/2026",Khai trương phòng trọ full nội thất -giảm giá luôn 3 tháng đầu,5 triệu/tháng,25 m2,"Hai Bà Trưng, Hà Nội","Đi bộ 5p tới ĐH Bách Khoa, CV Thống Nhất Ban công riêng thoáng, vệ sinh khép kín, nhà 2 mặt ngõ Full nội thất: ️ điều hòa, tủ lạnh, máy giặt, nóng…",https://phongtro123.com/khai-truong-phong-tro-full-noi-that-giam-gia-luon-3-thang-dau-pr708296.html
"Thứ 2, 11:39 15/06/2026","[HIẾM] - CHÍNH CHỦ - Cho thuê phòng khép kín FULL ĐỒ, phong cách HomeStay nghỉ dưỡng",3 triệu/tháng,20 m2,"Hoài Đức, Hà Nội","5 phút ra Cao đẳng FPT, Đại học Công Nghiệp, Đại học Đông Á+ Điện: 3.8k - Nước 30k - Internet : 50k/1 nɢười+ Phí dịch vụ : 130k (máy giặt, máy sấy,…",https://phongtro123.com/hiem-chinh-chu-cho-thue-phong-khep-kin-full-do-phong-cach-homestay-nghi-duong-pr708265.html
"Thứ 2, 09:19 15/06/2026","Phòng Sạch Sẽ thoáng mát, gần trường đại học",3 triệu/tháng,25 m2,"Bắc Từ Liêm, Hà Nội",- giá điện nước 4k/ số-> nước 100k/người-> giờ giấc tự do-> nhà chung chủ,https://phongtro123.com/phong-sach-se-thoang-mat-gan-truong-dai-hoc-pr708249.html
"Chủ Nhật, 10:22 14/06/2026","Nhà chính chủ 260 Kim Ngưu, Lạc Trung 3,6 triệu, 37m², giá tốt",3.6 triệu/tháng,37 m2,"Hai Bà Trưng, Hà Nội","260 Kim Ngưu, Lạc Trung, phường Bạch Mai, Hà Nội (Quận Hai Bà Trưng, Hà Nội cũ) là một nhà trọ với cấu trúc 1PN + 1WC, phù hợp cho những ai tìm kiếm không…",https://phongtro123.com/nha-chinh-chu-260-kim-nguu-lac-trung-3-6-trieu-37m2-gia-tot-pr708220.html
"Thứ 7, 15:41 13/06/2026","CHO THUÊ PHÒNG TRỌ KHÉP KÍN, GIÁ RẺ, FULL ĐỒ",1.8 triệu/tháng,18 m2,"Bắc Từ Liêm, Hà Nội","Cho thuê phòng trọ khép kín, giá rẻ, full đồ.- Diện tích 18m2, có gác xép- Giường ngủ- Tủ quần áo- Điều hòa Inverter- Bình nóng lạnh- Đèn…",https://phongtro123.com/cho-thue-phong-tro-khep-kin-gia-re-full-do-pr672549.html
"Thứ 7, 09:41 13/06/2026","CHO THUÊ PHÒNG FULL NỘI THẤT}}{{ Địa chỉ: 136 Cầu Diễn ( Cách Ga nhổn 1,5 km )}}Chỉ từ: 3tr8",3.8 triệu/tháng,50 m2,"Bắc Từ Liêm, Hà Nội","CHO THUÊ PHÒNG FULL NỘI THẤT}}{{ Địa chỉ: 136 Cầu Diễn ( Cách Ga nhổn 1,5 km )}}Chỉ từ: 3tr8 - 4tr2• Không chung chủ, tự do giờ giấc• Nhà vệ sinh…",https://phongtro123.com/cho-thue-phong-full-noi-that-dia-chi-136-cau-dien-cach-ga-nhon-1-5-km-chi-tu-3t-pr708174.html
"Thứ 6, 10:56 12/06/2026","Phòng trọ ngõ 22 phố Phan Đình Giót, đường Giải Phóng",3 triệu/tháng,25 m2,"Thanh Xuân, Hà Nội","Chính chủ cho thuê phòng trọ, không chung chủ, giờ giấc thoải mái, vệ sinh riêng khép kín, chỗ để xe tầng 1 rộng rãi.Gần các trường đại học lớn (BK,…",https://phongtro123.com/phong-tro-ngo-22-pho-phan-dinh-giot-duong-giai-phong-pr708155.html
"Thứ 5, 15:55 11/06/2026",Phòng trọ nhà liền kề cao cấp Nguyễn Cảnh Dị,4.3 triệu/tháng,25 m2,"Hoàng Mai, Hà Nội","Phòng trọ cao cấp liền kề mặt phố, oto đỗ trước cửa, pccc, mã vân tay, tiện nghi đầy đủ, khép kín . Mới tinh 100%. Hiện đại và an toàn.",https://phongtro123.com/phong-tro-nha-lien-ke-cao-cap-nguyen-canh-di-pr708120.html
"Thứ 5, 13:59 11/06/2026",PASS PHÒNG 2tr7 ĐẦU T7 VÀO Ở - NGÕ 153 NGỌC HỒI,2.7 triệu/tháng,18 m2,"Thanh Trì, Hà Nội","PASS PHÒNG 2tr7 ĐẦU T7 VÀO Ở - NGÕ 153 NGỌC HỒICó thang máyĐH, NL, giường, bàn bếp, tủ quần áo, vskkCó cửa sổ lớn, cho nuôi petNgay mặt đường lớn,…",https://phongtro123.com/pass-phong-2tr7-dau-t7-vao-o-ngo-153-ngoc-hoi-pr708103.html
"Thứ 5, 09:55 11/06/2026",Bác Mão - 0983691047 - Cho thuê phòng 1tr2,1.2 triệu/tháng,13 m2,"Hoàng Mai, Hà Nội","Bác Mão còn 1 phòng trọ duy nhất tại ngõ 309 Trương Định, Hoàng Mai, Hà NộiGiá 1.200.000/ 1 thángAn ninh tốt, công trình phụ khép kínĐiện 4000đ/ 1…",https://phongtro123.com/bac-mao-0983691047-cho-thue-phong-1tr3-pr695162.html
"Thứ 3, 16:32 09/06/2026","CHO THUÊ NHÀ TRỌ GIÁ RẺ TẠI AN DƯƠNG 15m2/1,0 triệu/tháng",1 triệu/tháng,15 m2,"Tây Hồ, Hà Nội","Cho thuê nhà trọ giá rẻ gần đương An Dương, chỉ từ 1,0 triệu/tháng (có nhà ngay)Địa chỉ: ngõ 76 An Dương, Hà Nội.Diện tích 15m2, 1 tầng. Gần chợ …",https://phongtro123.com/cho-thue-nha-tro-gia-re-tai-an-duong-15m2-1-0-trieu-thang-pr708048.html
"Thứ 3, 16:05 09/06/2026","Cho thuê phòng khép kíp, trả tiền theo tháng đầu tháng đóng tiền chậm ko quá 5 ngày",1.5 triệu/tháng,18 m2,"Bắc Từ Liêm, Hà Nội",Chính chủ cho thuê phòng khép kínNóng lạnh điều hòa đầy đủĐầu tháng đóng tiền phòng cần làm hợp đồng cũng dcĐịa chỉ: so nha 32 ngo 389 Đường…,https://phongtro123.com/cho-thue-tra-tien-theo-thang-dau-thang-dong-tien-cham-ko-qua-5-ngay-pr708044.html
"Thứ 3, 15:37 09/06/2026",Cho thuê phòng full nội thất tại 136 Cầu diễn -️ 0326587189 ( chính chủ cho thuê),3.6 triệu/tháng,30 m2,"Bắc Từ Liêm, Hà Nội","Full nội thất, ban công, cách đh công nghiệp 300m, vtri siêu đẹp, oto đỗ cửa,Gần haui, cđ fpt, hic, đông á,…️0326587189",https://phongtro123.com/136-cau-dien-0326587189-chinh-chu-cho-thue-pr708040.html
"Thứ 3, 15:34 09/06/2026",Studio đẹp như khách sạn - máy giặt riêng-ban công - cửa sổ,4.2 triệu/tháng,30 m2,"Bắc Từ Liêm, Hà Nội",""" Địa chỉ: 48/261 Phú Diễn Giá: 4.2tr Diện tích: 30m2 Phòng nào cũng có ban công + cửa sổ thoángTIỆN NGHI PHÒNG FULL ĐỒ:️ Tủ - Giường ️ Điều…",https://phongtro123.com/studio-dep-nhu-khach-san-may-giat-rieng-ban-cong-cua-so-pr708041.html
"Thứ 3, 15:29 09/06/2026","CHÍNH CHỦ CHO THUÊ TRỌ️ đầy đủ nội thất, liên hệ 0326587189",3.4 triệu/tháng,30 m2,"Bắc Từ Liêm, Hà Nội","Địa chỉ: 193 phú diễn Đường số 32, Phường Phú Diễn, Hà Nội️full nội thất, vệ sinh khép kín, ban công, không chung chủ, máy giặt riêng, cho nuôi…",https://phongtro123.com/chinh-chu-cho-thue-tro-0326587189-pr708036.html
"Thứ 3, 15:26 09/06/2026",Nhà mới khai trương - giảm 50% tiền phòng tháng đầu - tặng đệm,3.4 triệu/tháng,30 m2,"Bắc Từ Liêm, Hà Nội","Full nội thất, máy giặt riêng, ban công, cửa sổDiện tích:30m2Đầy đủ tiện ích: tủ lạnh, máy giặt, giường, tủ, đệm,..Lh:0365.618.941Chính chủ cho thuê",https://phongtro123.com/nha-moi-khai-truong-giam-50-tien-phong-thang-dau-tang-dem-pr708039.html
"Thứ 3, 15:12 09/06/2026","Cho thuê phòng trọ ngõ 134 thạch bàn, long biên, gần đình cự đồng, cạnh đường huỳnh tấn phát",2.2 triệu/tháng,16 m2,"Long Biên, Hà Nội","Nhá sạch sẽ, hai mặt thoáng, vệ sinh khép kin, không chung chủ, điều hòa, nóng lạnh đầy đủ, còn trống mỗi 1 phòng tầng 4",https://phongtro123.com/cho-thue-phong-tro-ngo-134-thach-ban-long-bien-gan-dinh-cu-dong-canh-duong-huynh-tan-phat-pr708038.html
"Thứ 3, 09:07 09/06/2026","CHO Thuê phòng đức diễn 2,2 tr khép kín ở luôn",2.2 triệu/tháng,20 m2,"Bắc Từ Liêm, Hà Nội","CHO THUÊ PHÒNG Ngõ 73/33 đức Diễn, Phúc diễn, Bắc Từ LiêmPhòng khép kín giá 2,2TR ở luônNội thất: Giường tủ, đệm, điều hòa nóng lạnh, máy giặt…",https://phongtro123.com/cho-thue-phong-duc-dien-2-6-tr-khep-kin-o-luon-pr699471.html
"Thứ 3, 09:07 09/06/2026","PHÒNG VSC – GẦN GOLDMARK CITY, HỒ TÙNG MẬU giá 2.9tr",2.9 triệu/tháng,25 m2,"Nam Từ Liêm, Hà Nội","PHÒNG VSC – GẦN GOLDMARK CITY, HỒ TÙNG MẬUĐịa chỉ: Ngõ 196 Hồ Tùng Mậu (khu biệt thự Goldmark City)Full nội thất, vào ở luôn!Giá chỉ 2,9 triệu/tháng…",https://phongtro123.com/phong-vs-rieng-gan-goldmark-city-ho-tung-mau-gia-3tr-pr694346.html
"Thứ 3, 09:07 09/06/2026","CHO THUÊ PHÒNG 2,6TR – NGÕ 255 CẦU GIẤY Ở LUÔNLH: 0985991384",2.6 triệu/tháng,20 m2,"Cầu Giấy, Hà Nội","CHO THUÊ PHÒNG 2,6TR – NGÕ 255 CẦU GIẤY Ở LUÔN Ngõ 255 Cầu Giấy, Phòng 201, Vs chungNội thất (giường, tủ, điều hòa, nóng lạnh, cổng vân tay) Gần ĐH…",https://phongtro123.com/cho-thue-phong-3tr-ngo-255-cau-giay-o-luon-lh-0985991384-pr693526.html
"Thứ 3, 09:07 09/06/2026","CHO THUÊ PHÒNG BAN CÔNG NGÕ 324 ĐƯỜNG TRỊNH VĂN BÔ, XUÂN PHƯƠNG, NAM TỪ LIÊM 2,3TR",2.3 triệu/tháng,20 m2,"Nam Từ Liêm, Hà Nội","CHO THUÊ PHÒNG CÓ BAN CÔNG , NGÕ 324 ĐƯỜNG TRỊNH VĂN BÔ, XUÂN PHƯƠNG, NAM TỪ LIÊM GIÁ 2,3 TR Đối diện UBND Phương Canhvsc 1 phòng ngõ 324/121 Phương Canh,…",https://phongtro123.com/cho-thue-phong-ban-cong-ngo-324-duong-trinh-van-bo-xuan-phuong-nam-tu-liem-2-6tr-pr699469.html
"Thứ 3, 09:06 09/06/2026","CHO THUÊ PHÒNG TRỌ MỚI TẠI VÂN TRÌ , FULL ĐỒ, THANG MÁY, KHÉP KÍN 2,9TR TẠI NGÕ 70/79/2",2.9 triệu/tháng,30 m2,"Bắc Từ Liêm, Hà Nội","Cho thuê phòng trọ mới, giá 2,9tr, có thang máy, full đồ, khu Nguyên Xá, Vân TrìKhu vực gần các trường đại học lớn: Công nghiệp, Tài Nguyên Môi trường,…",https://phongtro123.com/cho-thue-phong-tro-moi-tai-van-tri-full-do-thang-may-khep-kin-3tr-tai-ngo-70-79-2-pr699388.html
"Thứ 2, 12:02 08/06/2026","PHÒNG TRỌ, CCMN MỚI HOÀN THIỆN – FULL NỘI THẤT – XUÂN PHƯƠNG, NAM TỪ LIÊM",3.75 triệu/tháng,20 m2,"Nam Từ Liêm, Hà Nội","CCMN MỚI HOÀN THIỆN – FULL NỘI THẤT – BAN CÔNG RIÊNG – XUÂN PHƯƠNG, NAM TỪ LIÊM Chính thức đưa vào hoạt động CCMN mới tinh tại khu Xuân Phương –…",https://phongtro123.com/phong-tro-ccmn-moi-hoan-thien-full-noi-that-xuan-phuong-nam-tu-liem-pr707564.html
"Thứ 2, 12:01 08/06/2026","PHÒNG TRỌ, CCMN - FULL ĐỒ - ĐA SỸ, KIẾN HƯNG, HÀ ĐÔNG",3.8 triệu/tháng,20 m2,"Hà Đông, Hà Nội","CHO THUÊ CCMN MỚI XÂY – FULL ĐỒ – Ở NGAY Đa Sỹ, Kiến Hưng, Hà ĐôngCăn hộ CCMN vừa mới hoàn thiện, phòng đẹp, sạch sẽ, thoáng mát trước sau …",https://phongtro123.com/cho-thue-tro-chinh-chu-o-da-si-ha-dong-rong-20m2-gia-4-trieu-thang-pr705469.html
"Thứ 2, 11:42 08/06/2026",Cần cho thuê phòng trọ khép kính đầy đủ tiện nghi cao cấp.,3 triệu/tháng,31 m2,"Nam Từ Liêm, Hà Nội","- Em có toà nhà 5 tầng vừa hoàn thiện xong, còn 2 phòng cần cho thuê siêu đầy đủ tiện nghi số 223 đường Đại Mỗ, Hà Nội. Phòng đang sẵn, ưng là ở luôn…",https://phongtro123.com/can-cho-thue-phong-tro-khep-kinh-day-du-tien-nghi-cao-cap-pr707957.html
"Chủ Nhật, 21:48 07/06/2026",Cho thuê phòng trọ full đồ cuối tháng 6 vào ở,4.3 triệu/tháng,22 m2,"Nam Từ Liêm, Hà Nội",dvu chung 150k/ngườiđiện 4k/ sốnước 35k/ khốikhông thu thêm bất kì khoản phí nào nữa,https://phongtro123.com/cho-thue-phong-tro-full-do-cuoi-thang-6-vao-o-pr707945.html
"Thứ 7, 15:47 06/06/2026","Cho thuê phòng full đồ khép kín Trịnh Công Sơn, Tây Hồ",4.5 triệu/tháng,25 m2,"Tây Hồ, Hà Nội","Cho thuê phòng full đồ khép kín Trịnh Công Sơn, Tây Hồ.- Nội thất: Điều hòa, giường tủ, kệ bếp, tủ lạnh, máy giặt, thang máy... Đủ cả, chỉ cần…",https://phongtro123.com/cho-thue-ccmn-full-do-khep-kin-trinh-cong-son-tay-ho-4-pr686067.html
"Thứ 7, 15:46 06/06/2026","Cho thuê Studio chỉ 4tr tại phố Âu Cơ, Tây Hồ",4 triệu/tháng,25 m2,"Tây Hồ, Hà Nội","Cho thuê Studio chỉ 4tr tại phố Âu Cơ, Tây Hồ- Số 24 ngõ 132 Âu Cơ, Tây Hồ. ( hoặc 24 ngõ 35A Tứ Liên )- Đầy đủ nội thất: tủ lạnh, tủ bếp, máy…",https://phongtro123.com/cho-thue-can-ho-studio-chi-4tr-tai-pho-au-co-tay-ho-pr701681.html
"Thứ 7, 15:43 06/06/2026","Cho thuê ccmn full đồ khép kín Trịnh Công Sơn, Tây Hồ",5 triệu/tháng,25 m2,"Tây Hồ, Hà Nội","Cho thuê ccmn full đồ khép kín Trịnh Công Sơn, Tây Hồ.Nhà gần mặt đường, giao thông thuận tiện đi lạiĐủ nội thất cơ bản: có ban công, tủ, giường,…",https://phongtro123.com/cho-thue-ccmn-full-do-khep-kin-trinh-cong-son-tay-ho-3-pr655365.html
"Thứ 7, 10:20 06/06/2026","Cho thuê phòng ngõ 63/30 Lê Đức Thọ (còn gọi 29 ngõ 30 Phú Mỹ, Mỹ đình, Nam Từ Liêm)giá 2,9tr",2.9 triệu/tháng,20 m2,"Nam Từ Liêm, Hà Nội","cho thuê phòng ngõ 63/30 Lê Đức Thọ (còn gọi 29 ngõ 30 Phú Mỹ, Mỹ đình, Nam Từ Liêm)2.9tr/thángNội thất: Giường, tủ, đệm, điều hoà, nóng lạnh, tủ…",https://phongtro123.com/cho-thue-phong-ngo-63-30-le-duc-tho-con-goi-29-ngo-30-phu-my-my-dinh-nam-tu-liem-gias-2-6-tr-pr694465.html
"Thứ 7, 10:19 06/06/2026","Cho thuê phòng ngõ 3/1 PHẠM TUẤN TÀI Ở LUÔN 1,3 TR",1.1 triệu/tháng,10 m2,"Cầu Giấy, Hà Nội","PHÒNG GIÁ RẺ – CẦU GIẤYNgách 1, ngõ 3 Phạm Tuấn TàiChỉ 1,1triệu/tháng! Phòng gọn gàng – thoáng mát – đầy đủ nội thất:  Giường, tủ, điều…",https://phongtro123.com/cho-thue-phong-ngo-3-1-pham-tuan-tai-o-luon-1-3-tr-pr695907.html
"Thứ 7, 10:19 06/06/2026",PHÒNG KHÉP KÍN – TÂN MỸ - MỸ ĐÌNH 1. ngõ 5 Tân Mỹ (sau SVĐ Mỹ Đình). 2.4tr/th,2.4 triệu/tháng,18 m2,"Nam Từ Liêm, Hà Nội","PHÒNG KHÉP KÍN – TÂN MỸ - MỸ ĐÌNH 1ngõ 5 Tân Mỹ (sau SVĐ Mỹ Đình)2.4tr/th – ở luôn Tự do – không chung chủGần: CĐ Bách Khoa, FPT, Đông Á, Thương…",https://phongtro123.com/phong-khep-kin-tan-my-my-dinh-1-ngo-5-tan-my-sau-svd-my-dinh-2-5tr-th-pr694462.html
"Thứ 7, 10:19 06/06/2026","CAO TRUNG, THỊ TRẤN TRÔI, HOÀI ĐỨCGiá chỉ 2.2 triệu/tháng – Vệ sinh chung 1 phòng",2.2 triệu/tháng,22 m2,"Hoài Đức, Hà Nội","CAO TRUNG, THỊ TRẤN TRÔI, HOÀI ĐỨCGiá chỉ 2.2 triệu/tháng – Vệ sinh chung 1 phòng Vị trí cực thuận tiện: Gần ĐH Công Nghiệp, CĐ FPT, ĐH Đông Á, Thành…",https://phongtro123.com/cao-trung-thi-tran-troi-hoai-duc-gia-chi-2-4-trieu-thang-ve-sinh-chung-1-phong-vao-o-1-12-pr696778.html
"Thứ 7, 10:19 06/06/2026","Cho thuê phòng ngõ 3/1 phạm tuấn tài 1,1 tr ở luôn",1.1 triệu/tháng,10 m2,"Cầu Giấy, Hà Nội","Địa chỉ : ngách 1 ngõ 3 Phạm Tuấn Tài- Cầu Giấyphòng 1,1tr , chung vệ sinh, điện chia đầu ngườiThang bộNội thất : Giường tủ, điều hoà, nóng…",https://phongtro123.com/cho-thue-phong-ngo-3-1-pham-tuan-tai-1-2-tr-o-luon-pr695906.html
"Thứ 7, 03:31 06/06/2026","Cho thuê phòng trọ khép kín, đủ đồ",2.9 triệu/tháng,18 m2,"Cầu Giấy, Hà Nội","Cho thuê phòng giá 2tr9, - Điện 3k5/số, nước 25k/m3, sinh hoạt 20k/người .Đchi : Ngõ 165/30, Dương Quảng Hàm, Cầu Giấy .• Phòng khép kín, vệ sinh…",https://phongtro123.com/cho-thue-phong-tro-khep-kin-du-do-36-pr707865.html
"Thứ 6, 18:44 05/06/2026","Cho thuê phòng tầng 2 trong nhà 4 tầng, đủ đồ cơ bản",2 triệu/tháng,15 m2,"Hoàng Mai, Hà Nội","MÌNH CẦN CHO THUÊ 2 PHÒNG TẦNG 2 VÀ 3 TRONG NHÀ 4 TẦNGChỉ cho nữ thuê ạMặt phố Trịnh Đình Cửu, Định Công, đối diện là điểm xe bus, chỉ cách DHY…",https://phongtro123.com/cho-thue-phong-tang-2-trong-nha-4-tang-du-do-co-ban-pr707843.html
"Thứ 5, 14:30 04/06/2026",CHO THUÊ PHÒNG TRỌ ĐƯỜNG ÂU CƠ - HỒNG HÀ - HÀ NỘI.,2.5 triệu/tháng,18 m2,"Tây Hồ, Hà Nội","Cho thuê phòng khép kín tại số 3 ngách 7 ngõ 236 Âu Cơ, Quảng An, Tây Hồ, Hà Nội.Diện tích: 18m²Có điều hòa, nóng lạnhPhòng sạch sẽ, an ninh tốt, ở…",https://phongtro123.com/cho-thue-phong-tro-duong-au-co-hong-ha-ha-noi-pr707286.html
"Thứ 4, 09:50 03/06/2026",Cho thuê phòng Ngõ 80 Xuân Phương - Tu Hoàng giá từ 3tr5 ( nhận giữ phòng cuối tháng 6 vào ở ),3.5 triệu/tháng,30 m2,"Nam Từ Liêm, Hà Nội","Cho thuê phòng Ngõ 80 Xuân Phương - Tu Hoàng ( nhận giữ phòng cuối tháng 6 vào ở ) Ngay sau Hateco, cách Công nghiệp, FPT , Đông Á 1km Nhà xây mới Giá thuê…",https://phongtro123.com/cho-thue-phong-ngo-80-xuan-phuong-tu-hoang-gia-tu-3tr5-nhan-giu-phong-cuoi-thang-6-vao-o-pr707702.html
"Thứ 4, 03:06 03/06/2026","CHO THUÊ PHÒNG TRỌ 2,6tr SỐ 27 TRỊNH VĂN BÔ, XUÂN PHƯƠNG, NAM TỪ LIÊM ĐI BỘ RA FPT, ĐÔNG Á.....",2.6 triệu/tháng,20 m2,"Nam Từ Liêm, Hà Nội","CHO THUÊ PHÒNG TRỌ 2,6tr SỐ 27 TRỊNH VĂN BÔ, XUÂN PHƯƠNG, NAM TỪ LIÊMĐịa chỉ: Số 2 7 TRỊNH VĂN BÔ ĐI BỘ RA FPT , ĐÔNG ÁGần ĐH Đông Á, FPT, Thương…",https://phongtro123.com/cho-thue-phong-tro-2-6tr-so-27-trinh-van-bo-xuan-phuong-nam-tu-liem-di-bo-ra-fpt-dong-a-pr690714.html
"Thứ 3, 07:00 02/06/2026","Cho thuê phòng giá 3.9 tr , khép kín , ngõ 39 Phạm Tuấn Tài gần Đại Học Báo Chí, quốc Gia, sư phạm",3.9 triệu/tháng,20 m2,"Cầu Giấy, Hà Nội","PHÒNG KHÉP KÍN ĐẸP – NGÕ 39 PHẠM TUẤN TÀI – CẦU GIẤY3.9 triệu/tháng Gần ĐH Báo chí, ĐH Quốc Gia, ĐH Sư phạm Full nội thất: Giường, đệm, tủ,…",https://phongtro123.com/cho-thue-phong-gia-4-4-tr-khep-kin-ngo-39-pham-tuan-tai-gan-dai-hoc-bao-chi-quoc-gia-su-pham-pr693147.html
"Thứ 2, 21:58 01/06/2026","Cho thuê phòng trọ giá rẻ tại Hoàng Liệt, Hoàng Mai",2.8 triệu/tháng,25 m2,"Hoàng Mai, Hà Nội","Cho thuê phòng trọ giá rẻ tại 118 ngõ 15 phố Bằng Liệt, Hoàng Liệt, Hoàng Mai - S sử dụng: 25 m2.- PCCC đầy đủ, an toàn cháy nổ. có:-giường -nóng…",https://phongtro123.com/cho-thue-phong-tro-gia-re-tai-hoang-liet-hoang-mai-pr701389.html
"Thứ 2, 16:57 01/06/2026",Phòng trọ 700k gần đường Phạm Văn Đồng an ninh tốt,700.000 đồng/tháng,14 m2,"Bắc Từ Liêm, Hà Nội","Cho thuê phòng trọ 700 nghìn/tháng gần Mỏ, Tài Chính, Đường Phạm Văn Đồng, công viên Hòa Bình an ninh tốt. - Phòng 700K , vệ sinh chung, phòng thoáng mát,…",https://phongtro123.com/phong-tro-700k-gan-duong-pham-van-dong-an-ninh-tot-pr688276.html
"Chủ Nhật, 17:36 31/05/2026","Cho thuê CCMN 27m2, ban công thoát hiểm an toàn, vị trí thuận tiện, view triệu đô, giá từ 4,x triệu",4.5 triệu/tháng,27 m2,"Nam Từ Liêm, Hà Nội","CHÍNH CHỦ CCMN 27m2, ban công thoát hiểm an toàn, vị trí thuận tiện ngay bên BRT, ngã tư Trung Văn - Tố Hữu, view triệu đô.Nhà mới – Full nội thất – Chỉ…",https://phongtro123.com/chinh-chu-cho-thue-ccmn-nga-tu-trung-van-to-huu-full-noi-that-o-ngay-pr707595.html
"Chủ Nhật, 16:39 31/05/2026",CĂN HỘ GÁC XÉP FULL NỘI THẤT NGAY HỒ VĂN QUÁN GẦN CÁC TRƯỜNG ĐẠI HỌC LỚN HÀ ĐÔNG,3.8 triệu/tháng,25 m2,"Hà Đông, Hà Nội","CC mini 25m², không gian sống thoáng đãng, đầy đủ tiện nghi. Phù hợp cho ai cần không gian riêng tư và thoải mái. Thời gian cho thuê linh hoạt, tối thiểu 6…",https://phongtro123.com/can-ho-gac-xep-full-noi-that-ngay-ho-van-quan-gan-cac-truong-dai-hoc-lon-ha-dong-pr707593.html
"Thứ 7, 18:18 30/05/2026",Cho Thuê Phòng Trọ Giá Sinh Viên,2.2 triệu/tháng,13 m2,"Hoàng Mai, Hà Nội","Phòng trọ sạch sẽ, thoáng mát, phù hợp cho sinh viên và người đi làm. Phòng được trang bị điều hòa, bình nóng lạnh, máy giặt tiện lợi. Điện nước…",https://phongtro123.com/cho-thue-phong-tro-gia-sinh-vien-2031-pr707569.html
"Thứ 7, 15:57 30/05/2026",Khai trương toà mới 38 phòng ở phố Lương Thế Vinh cách Đại học Hà Nội 300 mét đi bộ,4.5 triệu/tháng,17 m2,"Thanh Xuân, Hà Nội","Địa chỉ: 12 ngõ 160 lương thế vinh, thang xuân, hà nội ( ô tô vào nhà)10/6 ở đượcGiá : 4.500.000 cửa sổ thoáng4.800.000 ban công thoángDạng phòng : gác…",https://phongtro123.com/khai-truong-toa-moi-38phong-o-pho-luong-the-vinh-cach-dai-hoc-ha-noi-300-met-di-bo-pr707558.html
"Thứ 7, 13:47 30/05/2026","CHO THUÊ PHÒNG khu vưc Ba Đình, đầy đủ tiện nghi",4.5 triệu/tháng,18 m2,"Ba Đình, Hà Nội","CCMN. Tiện nghi đầy đủ: Thang máy, máy giặt, tủ lạnh, giường ,Tủ, tủ bếp, hút mùi....Không chung chủ, diện tích 18 m2.Ngõ 33 ngách 186 sn16 Đường Văn…",https://phongtro123.com/cho-thue-phong-khu-vuc-ba-dinh-pr707552.html
"Thứ 7, 13:01 30/05/2026","Phòng trọ nhà trọ ngõ 30 phú mỹ mỹ đình,gần lê đức thọ, Trần bình.",1.2 triệu/tháng,12 m2,"Nam Từ Liêm, Hà Nội","Tin đăng 06.06.26: Chính chủ cho thuê, phòng trọ giá rẻ, KHÔNG KHÉP KÍN, CÓ ĐIỀU HOÀ. NHẬN PHÒNG ở luôn. Phòng sạch sẽ, không gian thoáng mát, yên tĩnh an ninh…",https://phongtro123.com/phong-tro-nha-tro-ngo-30-phu-my-le-duc-tho-tran-binh-my-dinh-gia-re-pr628260.html
"Thứ 6, 15:28 29/05/2026",CHÍNH CHỦ CHO THUÊ: STUDIO MỚI 100% – NGAY CỔNG LÀNG VẠN PHÚC,4.2 triệu/tháng,25 m2,"Hà Đông, Hà Nội","* CHÍNH CHỦ CHO THUÊ: STUDIO MỚI 100% – NGAY CỔNG LÀNG VẠN PHÚC * - Vị trí cực tiện: Số 1b Ngõ 7 Phố Lụa, Vạn Phúc, Hà Đông (Ngõ nông, cách đường…",https://phongtro123.com/chinh-chu-cho-thue-studio-moi-100-ngay-cong-lang-van-phuc-pr707167.html
"Thứ 6, 14:39 29/05/2026",CHÍNH CHỦ CHO THUÊ PHÒNG KHÉP KÍN NGÕ 41 PHỐ VỌNG (CỔNG NEU) - ĐIỆN NƯỚC GIÁ DÂN,4 triệu/tháng,23 m2,"Hai Bà Trưng, Hà Nội","CHÍNH CHỦ CHO THUÊ PHÒNG KHÉP KÍN NGÕ 41 PHỐ VỌNG (CỔNG NEU) - ĐIỆN NƯỚC GIÁ DÂN- Giá: 4 triệu/tháng (Không mất phí dịch vụ, xe máy free, có chỗ sạc xe…",https://phongtro123.com/chinh-chu-cho-thue-phong-khep-kin-ngo-41-pho-vong-cong-neu-dien-nuoc-gia-dan-pr707465.html
"Thứ 6, 09:29 29/05/2026",CHO THUÊ PHÒNG 2 PHÒNG FULL TIỆN NGHI – PHAN VĂN TRƯỜNG,3.5 triệu/tháng,35 m2,"Cầu Giấy, Hà Nội","CHO THUÊ PHÒNG FULL TIỆN NGHI – PHAN VĂN TRƯỜNG Phòng 35m², vệ sinh khép kín, ban công. Tầng 4–5, thoáng mát, yên tĩnh Có sẵn: điều hòa, nóng lạnh,…",https://phongtro123.com/cho-thue-phong-2-phong-full-tien-nghi-phan-van-truong-pr707108.html
"Thứ 4, 20:06 27/05/2026","PASS PHÒNG TRỌ 20m2 TẠI GIẢNG VÕ, BA ĐÌNH, HÀ NỘI CHỈ 3TR/ tháng",3 triệu/tháng,20 m2,"Ba Đình, Hà Nội","PASS PHÒNG TRỌ 20m2 TẠI GIẢNG VÕ, BA ĐÌNH, HÀ NỘI CHỈ 3TR/ tháng* Địa chỉ: 307 Giảng Võ, Ba Đình.- Đầy đủ nội thất: Giường, tủ, bếp, điều hoà,…",https://phongtro123.com/pass-phong-tro-20m2-tai-giang-vo-ba-dinh-ha-noi-chi-3tr-thang-pr707444.html
"Thứ 4, 19:51 27/05/2026","CHO THUÊ PHÒNG KHÉP KÍN TẠI THỔ QUAN, ĐỐNG ĐA, HÀ NỘI GIÁ 4,5tr",4.5 triệu/tháng,20 m2,"Đống Đa, Hà Nội","CHO THUÊ PHÒNG KHÉP KÍN TẠI THỔ QUAN, ĐỐNG ĐA, HÀ NỘI GIÁ 4,5tr* Mình cần pass lại phòng 20m2 ở 180 Đê La Thành Nhỏ - Phòng rộng rãi, thoải mái, cực…",https://phongtro123.com/cho-thue-phong-khep-kin-tai-tho-quan-dong-da-ha-noi-gia-4-5tr-pr707443.html
"Thứ 4, 14:35 27/05/2026",Cho Thuê Phòng Cao Cấp – Ngay Cổng Làng Lụa Vạn Phúc,5 triệu/tháng,25 m2,"Hà Đông, Hà Nội",Cho Thuê Phòng Cao Cấp – Ngay Cổng Làng Lụa Vạn Phúc Đặc điểm nổi bật:- Diện tích: Phòng rộng 25m² với vệ sinh khép kín và ban công riêng - Tiện…,https://phongtro123.com/cho-thue-phong-cao-cap-ngay-cong-lang-lua-van-phuc-pr707423.html
"Thứ 3, 17:42 26/05/2026",Cho thí sinh thuê trọ ngắn hạn B2 ngõ 199 Phố Trần Quốc Hoàn,Thỏa thuận,60 m2,"Cầu Giấy, Hà Nội","Tôi có căn hộ ngay sau thư viện trường ĐHSP HN muốn cho thí sinh và người nhà thuê để đưa con đi thi tại CSP, NTT, ĐHSP HN. Ai có nhu cầu liên hệ chính chủ…",https://phongtro123.com/cho-thi-sinh-thue-tro-ngan-han-pr707385.html
"Thứ 3, 15:08 26/05/2026","PASS PHÒNG TRỌ GẤP – DƯƠNG NỘI, HÀ ĐÔNG – HỖ TRỢ NGAY 1 TRIỆU TIỀN CỌC",3 triệu/tháng,30 m2,"Hà Đông, Hà Nội","PASS PHÒNG TRỌ GẤP – DƯƠNG NỘI, HÀ ĐÔNG – HỖ TRỢ NGAY 1 TRIỆU TIỀN CỌCDo đi thực tập nên mình cần pass lại phòng đầu tháng 6, ưu tiên vào ở…",https://phongtro123.com/pass-phong-tro-gap-duong-noi-ha-dong-ho-tro-ngay-1-trieu-tien-coc-pr707371.html
"Thứ 3, 11:13 26/05/2026",PHÒNG MỚI CỰC HOT TẠI 586 KIM GIANG – CHỈ TỪ 2.6TR!,2.6 triệu/tháng,25 m2,"Thanh Xuân, Hà Nội","Giá thuê siêu hời:Tầng 1: 2.6tr | Tầng 2-3: 2.9tr | Tầng 4: 2.8trTầng 5: Khu giặt phơi riêng biệt, thoáng sáng.Ưu điểm:Phòng mới 100%, khép kín hoàn…",https://phongtro123.com/phong-moi-cuc-hot-tai-586-kim-giang-chi-tu-2-8tr-pr706978.html
"Thứ 2, 13:44 25/05/2026","Cho thuê phòng khép kín, sẵn điều hòa, nóng lạnh",1.25 triệu/tháng,15 m2,"Mê Linh, Hà Nội","Cho thuê phòng trọ 2 tầng khép kíp MỚI XÂY tại Xóm 2, Thôn Đông Cao, Xã Mê Linh, Hà Nội, bìa làng thoáng mát- Tầng 1: Bếp + VS có bình nước nóng + Phòng…",https://phongtro123.com/cho-thue-phong-khep-kin-san-dieu-hoa-nong-lanh-pr707308.html
"Thứ 2, 10:52 25/05/2026","Phòng trọ mới khai trương đầy đủ nội thất ở 102/7 Văn La, Kiến Hưng, Hà Đông",3.5 triệu/tháng,15 m2,"Hà Đông, Hà Nội",Mình nhượng lại phòng do chuyển chỗ làm.Phòng 3tr6 đã deal xuống với chủ còn 3tr5.Phòng mới khai trương 100% (mình là người đầu tiên dùng phòng mới…,https://phongtro123.com/phong-tro-moi-khai-truong-day-du-noi-that-o-102-7-van-la-kien-hung-ha-dong-pr707255.html
"Thứ 2, 08:52 25/05/2026",Sắp trống 1 Studio ngày 1/6 - PHÒNG ĐẸP NGÕ 169 HOÀNG MAI CHỈ 4TR2,4.2 triệu/tháng,25 m2,"Hoàng Mai, Hà Nội","Thang máy, CHO NUÔI PET, KHÔNG NHẬN XE ĐIỆNỞ tối đa 4 người (KHÔNG NHẬN NƯỚC NGOÀI)Free 2 xe máy, Từ xe thứ 3: 100k/xeĐiện 4000/số , Nước 35k/khối ,…",https://phongtro123.com/sap-trong-1-studio-ngay-1-6-phong-dep-ngo-169-hoang-mai-chi-4tr2-pr707262.html
"Thứ 2, 08:48 25/05/2026","Cho thuê phòng trọ, chung cư mini tại 1/10 Đường Thúy Lĩnh",3.5 triệu/tháng,30 m2,"Hoàng Mai, Hà Nội","Chính chủ cho thuê phòng Chung cư mini. Mỗi phòng rộng 20m2 đến 40m2 phục vụ nhu cầu đa dạng. Phòng được trang bị đầy đủ nội thất gồm giường, tủ…",https://phongtro123.com/cho-thue-phong-tro-chung-cu-mini-471-pr707227.html
"Thứ 2, 07:29 25/05/2026",Cho thuê phòng tại Phú Đô - Mỹ Đình: Giá 3 triệu,3 triệu/tháng,18 m2,"Nam Từ Liêm, Hà Nội","Phòng khép kín, full đồ, nấu ăn riêng, có gác xếp.Phòng mặt tiền, ban công thoáng sáng, ở được 3 - 4 người.Nhà mới xây, thang máy nhập khẩu, phòng…",https://phongtro123.com/phong-tro-sinh-vien-tai-phu-do-my-dinh-pr695958.html
"Chủ Nhật, 21:49 24/05/2026","Chính chủ cho thuê phòng trọ khép kín 16m2, 2tr - 2tr2/ tháng",2.2 triệu/tháng,18 m2,"Nam Từ Liêm, Hà Nội","Chính chủ cho thuê phòng khép kín ( ko qua trung gian)S=16m2Giá : 2tr - 2tr2/ thángĐiện: 3,5k/ sốNước: 80k/người️Vệ Sinh: 20k/ ngườiMạng 80k/ người (…",https://phongtro123.com/chinh-chu-cho-thue-phong-tro-khep-kin-170-pr707279.html
"Chủ Nhật, 09:59 24/05/2026","Chỉ 7 triệu căn hộ 3 phòng, 71 Đặng Thùy Trâm, DT 78 m2, đủ tiện ích, đắc địa",7 triệu/tháng,78 m2,"Cầu Giấy, Hà Nội","Chính chủ cho thuê lâu dài căn hộ gia đình ở, nhà 71 Đặng Thuỳ Trâm, DT 78m2, gồm trọn tầng 4 (61m2 có 2PN, 1WC) và 1 phần tầng 5 (bếp 16,6m2, phòng giặt),…",https://phongtro123.com/chi-7-trieu-can-ho-3-phong-71-dang-thuy-tram-dt-78-m2-du-tien-ich-dac-dia-pr707254.html
"Chủ Nhật, 09:37 24/05/2026","Phòng full đồ 3tr8 – vào ở luônCó điều hoà, nóng lạnh, giường tủ  Máy giặt chung, giờ giấc…",3.8 triệu/tháng,25 m2,"Nam Từ Liêm, Hà Nội","Phòng full đồ 3tr8 – vào ở luônCó điều hoà, nóng lạnh, giường tủ  Máy giặt chung, giờ giấc thoải máiIb/zalo: 0989174886 để xem phòng ngay",https://phongtro123.com/phong-full-do-3tr8-vao-o-luon-co-dieu-hoa-nong-lanh-giuong-tu-may-giat-chung-gio-giac-thoai-ma-pr707091.html
"Thứ 7, 22:11 23/05/2026","Cho thuê phòng 25m2 full đồ khép kín có ban công Trịnh Công Sơn, Tây Hồ",5 triệu/tháng,25 m2,"Tây Hồ, Hà Nội","Cho thuê phòng 25m2 full đồ khép kín có ban công Trịnh Công Sơn, Tây Hồ- Nội thất: Điều hòa, giường tủ, kệ bếp, tủ lạnh, máy giặt, thang máy... Đủ…",https://phongtro123.com/cho-thue-phong-35m2-full-do-khep-kin-trinh-cong-son-tay-ho-pr700223.html
"Thứ 7, 19:52 23/05/2026","Cho thuê phòng trọ phố Thành Công, Láng Hạ cô Phương 0985153084",3.2 triệu/tháng,20 m2,"Ba Đình, Hà Nội","Cô còn trống 1 phòng tầng 5, diện tích 20m2, phòng có 2 cửa sổ cực chiu, leo mấy bậc thang lên sân thượng gió lồng lộng ngắm Hà Nội và KS Fortuna.Phòng có…",https://phongtro123.com/cho-thue-phong-tro-pho-thanh-cong-lang-ha-co-phuong-0985153084-pr707233.html
"Thứ 7, 14:31 23/05/2026","Cho thuê phòng để ở, giá 3.000.000đ/tháng",3 triệu/tháng,20 m2,"Hoàng Mai, Hà Nội","cho thuê phòng để ở, giá 3.000.000đ/tháng .Phòng rộng rãi view đẹp, có cửa sổ, ban công, đầy đủ : giường, tủ đựng quần áo, điều hoà, tủ lạnh, vệ…",https://phongtro123.com/cho-thue-phong-de-o-khu-vuc-giap-bat-pr699708.html
"Thứ 7, 13:33 23/05/2026",Cho thuê trọ tại Ngõ 79 Cầu Giấy,5 triệu/tháng,35 m2,"Cầu Giấy, Hà Nội",- Giá phòng Tầng 2: 5.000.000- Điện: 3.8k/số- Nước: 100k/người- Tiền dịch vụ ( mạng + máy giặt + vsc + điện chung ): 185k/người- Nội thất cung cấp:…,https://phongtro123.com/cho-thue-tro-tai-ngo-79-cau-giay-pr707200.html
"Thứ 6, 22:10 22/05/2026","Cho thuê nhà trọ, rộng, sạch sẽ, thoáng mát. Giá cả hợp lý",3 triệu/tháng,50 m2,"Long Biên, Hà Nội","Cho thuê nhà trọ tầng 2, sạch sẽ, thoáng mát.Nhà số 10, ngõ 66, ngách 42, Ngọc Lâm, Long Biên, Hà Nội(Gần Winmark Nguyễn Văn Cừ)",https://phongtro123.com/cho-thue-nha-tro-rong-sach-se-thoang-mat-gia-ca-hop-ly-pr707187.html
"Thứ 6, 15:57 22/05/2026","CHO THUÊ PHÒNG CCMN CHÍNH CHỦ, Khu Đông Tác",20.000 đồng/m2/tháng,25 m2,"Đống Đa, Hà Nội","CHO THUÊ CCMN CHÍNH CHỦ, Ngõ 41 Đông TácPhòng tầng 2, Diện tích: 25m2.Nội thất: Điều hòa, nóng lạnh, tủ lạnh, máy giặt, giường đệm, tủ bếp...An ninh…",https://phongtro123.com/cho-thue-ccmn-chinh-chu-ngo-41-dong-tac-pr706436.html
"Thứ 6, 11:23 22/05/2026","PASS GẤP PHÒNG Ở NGỌA LONG, MINH KHAI – ĐẦU THÁNG 6 VÀO Ở LUÔN, HỖ TRỢ 700 NGHÌN",3.2 triệu/tháng,20 m2,"Bắc Từ Liêm, Hà Nội","PASS GẤP PHÒNG Ở NGỌA LONG, MINH KHAI – ĐẦU THÁNG 6 VÀO Ở LUÔN, HỖ TRỢ 700 NGHÌN * Địa chỉ: Số 12 hẻm 66 ngách 59 ngõ 53 Ngoạ Long, P. Minh Khai, Bắc Từ…",https://phongtro123.com/pass-gap-phong-o-ngoa-long-minh-khai-dau-thang-6-vao-o-luon-ho-tro-700-nghin-pr707162.html
"Thứ 5, 16:46 21/05/2026",Cho thuê phòng studio rộng có ban công thoáng đủ tiện nghi không chung chủ có thể đi lại thoải mái,4.6 triệu/tháng,29 m2,"Cầu Giấy, Hà Nội","Cho thuê studio rộng, có ban công thoáng mát, full nội thất mới – không chung chủ, giờ giấc tự do.Vị trí đẹp ngay đường Trần Thái, gần chung cư Mipec…",https://phongtro123.com/cho-thue-phong-studio-rong-co-ban-cong-thoang-du-tien-nghi-khong-chung-chu-co-the-di-lai-thoai-mai-pr707132.html
"Thứ 5, 08:43 21/05/2026",CCMN KHÉP KÍN FULL NỘI THẤT 20M2 - TỪ 3TR7/THÁNG,3.7 triệu/tháng,20 m2,"Thanh Xuân, Hà Nội","Dọn vào ở ngay - nhà mới - Diện tích rộng 20m2, thiết kế khép kín riêng tư- Full nội thất- Thang máy hiện đại- Khóa vân tay- an ninh tuyệt đối- PCCC…",https://phongtro123.com/ccmn-khep-kin-full-noi-that-20m2-tu-3tr7-thang-pr707064.html
"Thứ 4, 16:52 20/05/2026","CHO THUÊ PHÒNG TRỌ – GẦN ĐH CÔNG NGHIỆP, ĐH TÀI NGUYÊN MÔI TRƯỜNG",2.5 triệu/tháng,20 m2,"Bắc Từ Liêm, Hà Nội","CHO THUÊ PHÒNG TRỌ(GẦN ĐH CÔNG NGHIỆP, ĐH TÀI NGUYÊN MÔI TRƯỜNG)Địa chỉ: Ngõ 120 Nguyễn Đạo An, Phú Diễn, Hà Nội+ Giá thuê: 2.5 triệu/ tháng+ Dịch…",https://phongtro123.com/cho-thue-phong-tro-gan-dh-cong-nghiep-dh-tai-nguyen-moi-truong-pr707081.html
"Thứ 4, 16:37 20/05/2026","KHAI TRƯƠNG STUDIO ""SANG - XỊN - MỊN"" TẠI TRUNG KÍNH – VÀO Ở NGAY!",4.5 triệu/tháng,20 m2,"Cầu Giấy, Hà Nội","Dịch Vụ Hợp Lý Điện 4.000đ /số Nước 120.000đ /người Mạng Internet 100.000đ /phòng Dịch vụ chung- 200.000đ /tháng- Thang máy, máy giặt/sấy, vệ…",https://phongtro123.com/khai-truong-studio-sang-xin-min-tai-trung-kinh-vao-o-ngay-pr707066.html
"Thứ 3, 15:27 19/05/2026","CHO THUÊ PHÒNG CÓ BAN CÔNG + CỬA SỔ THOÁNG Ở PHÚ LƯƠNG, HÀ ĐÔNG. Giá từ 2tr->3tr5",2 triệu/tháng,25 m2,"Hà Đông, Hà Nội","Cho thuê phòng trọ ở Phú Lương, Phố Xốm, Hà Đông ko chung chủ.Bao gồm các phòng sau:- DT từ 20-30m², giá từ 2tr1+ Vị trí & tiện ích: ở phố Phú…",https://phongtro123.com/cho-thue-phong-co-ban-cong-cua-so-thoang-o-phu-luong-ha-dong-gia-tu-2tr1-3tr5-pr704092.html
"Thứ 3, 13:36 19/05/2026",Cho thuê phòng trọ Yên Xá - Tân Triều,3.4 triệu/tháng,25 m2,"Thanh Trì, Hà Nội","Phòng trọ khu vực Văn quán, Hà Đông tại: 87 Yên Xá, Tân Triều:- Giá: 3tr4- Gần: Trần Phú, Tân triều, Đh Kiến trúc, hồ Văn quán, Chiến Thắng, Pitit,…",https://phongtro123.com/cho-thue-phong-tro-yen-xa-tan-trieu-pr707029.html
"Thứ 3, 13:28 19/05/2026",Cho thuế phòng chính chủ khu vực Đình Thôn,3 triệu/tháng,25 m2,"Nam Từ Liêm, Hà Nội","Cho thuê phòng trọ 25m², số 85 Đình Thôn, full đồ, 3 triệu/tháng- Gần chợ, oto đỗ cửa, gần các trường ĐH Quốc Gia, Sư Phạm, Thương Mai…",https://phongtro123.com/cho-thue-phong-chinh-chu-khu-vuc-dinh-tho-n-pr707028.html
"Thứ 3, 09:09 19/05/2026",Phòng Trọ ngõ 51 Ngọa Long – Gần ĐH Công Nghiệp – Đủ tiện nghi – Miễn phí internet tháng đầu,3.5 triệu/tháng,18 m2,"Bắc Từ Liêm, Hà Nội","Tính ra chỉ hơn 100.000đ/ngày — bạn đã có phòng full đồ, Internet, máy giặt, ngay gần trườngPhòng CCMN NHÀ ĐẸP tại Ngõ 51 Ngọa Long — không phải phòng…",https://phongtro123.com/phong-tro-ngo-51-ngoa-long-gan-dh-cong-nghiep-du-tien-nghi-mien-phi-internet-thang-dau-pr706828.html
"Thứ 3, 05:30 19/05/2026",NHÀ LÊ QUANG ĐẠO TRỐNG 01 PHÒNG ĐI BỘ RA SÂN MỸ ĐÌNH,3.5 triệu/tháng,22 m2,"Nam Từ Liêm, Hà Nội",NHÀ LÊ QUANG ĐẠO TRỐNG 01 PHÒNG Địa chỉ : 8/115/6 Lê Quang ĐạoPHÒNG 203 giá 3tr7( ở luôn ) studio khép kín Nội thất: Full nội thất như hình…,https://phongtro123.com/nha-le-quang-dao-trong-01-phong-di-bo-ra-san-my-dinh-pr675861.html
"Thứ 2, 16:52 18/05/2026",STUDIO FULL NỘI THẤT – BAN CÔNG RIÊNG – KHÔNG CHUNG CHỦ | THANH XUÂN – GẦN GIẢI PHÓNG,4.3 triệu/tháng,30 m2,"Thanh Xuân, Hà Nội","Địa chỉ: Ngõ 1 Phan Đình Giót – cách Đường Giải Phóng vài bước chân, đi lại cực thuận tiện. Giá chỉ: 4.3 triệu/tháng Diện tích: 30m² – rộng…",https://phongtro123.com/studio-full-noi-that-ban-cong-rieng-khong-chung-chu-thanh-xuan-gan-giai-phong-pr706992.html
"Thứ 2, 15:16 18/05/2026",Phòng đầy đủ tiện nghi cho thuê - gần Hồ Tây,3.9 triệu/tháng,20 m2,"Tây Hồ, Hà Nội","PHÒNG ĐẦY ĐỦ TIỆN NGHI CHO THUÊ - HỒ TÂY HN[Địa chỉ]: Số 27, ngõ 29 phố Võng Thị Tây Hồ, , đường ngõ ô tô vào tận nhà, - Đầy đủ tiện nghi- -…",https://phongtro123.com/phong-day-du-tien-nghi-cho-thue-gan-ho-tay-4-pr657990.html
"Thứ 2, 09:18 18/05/2026",Phòng trọ đẹp tại ngõ 622 Minh Khai - Sát Timecity,4.5 triệu/tháng,35 m2,"Hai Bà Trưng, Hà Nội","Phòng trọ đẹp, khép kín tại tầng 1, có sàn rộng 25m và gác lửng cao rộng 10msạch sẽ thoáng mát, có sân rộng, sát Timecitykhông chung chủ, không giới…",https://phongtro123.com/phong-tro-dep-tai-ngo-622-minh-khai-sat-timecity-2-pr703619.html
"Thứ 7, 16:16 16/05/2026","Cho thuê phòng trong nhà riêng 3,5 tầng, ngõ 254D Minh Khai, giá 2,4 tr",2.4 triệu/tháng,12 m2,"Hoàng Mai, Hà Nội","Cho nữ thuê phòng, nhà riêng 3,5 tầng, ngõ 254D Minh Khai - Hà Nội. Nhà gần nhiều trường đại học (KTQD, BK, Kinh-Công, KT-KTh Công nghiệp,…), Time city, Hồ Đền…",https://phongtro123.com/cho-thue-phong-trong-nha-rieng-3-5-tang-ngo-254d-minh-khai-gia-2-5-tr-pr706906.html
"Thứ 7, 14:52 16/05/2026",Chính chủ cho thuê phòng tại ngõ 143 đường chiến thắng khu TT HV mật mã,2.5 triệu/tháng,15 m2,"Hà Đông, Hà Nội","Dien tích 15m2 khép kín , nóng lạnh điều hòa , VS khép kín Phòng sạch sẽ, thoáng mátGiá thuê chỉ 2.5 triệu/thángNgõ 143 đường chiến thắng khu TT HV mật mã",https://phongtro123.com/cho-thue-phong-tai-ngo-143-duong-chien-thang-khu-tt-hv-mat-ma-pr706895.html
"Thứ 7, 11:23 16/05/2026",CHO THUÊ PHÒNG KHU VỰC CẦU GIẤY TRỐNG 1/6,4.8 triệu/tháng,28 m2,"Cầu Giấy, Hà Nội","PASS PHÒNG FULL NỘI THẤT – CẦU GIẤYNgõ 255 Nguyễn Khang,Trống từ 1/64tr8/tháng️ Full nội thất: sofa, tủ lạnh, bàn làm việc, máy giặt riêng, điều…",https://phongtro123.com/cho-thue-phong-khu-vuc-cau-giau-trong-1-6-pr706877.html
"Thứ 7, 09:02 16/05/2026","Cho thuê phòng có ban công, 1 nơi thoải mái ở, lm việc cực chill",5 triệu/tháng,30 m2,"Hoàng Mai, Hà Nội","Không gian rộng, có ban công. Đầy đủ điều hòa, nóng lạnh, hút mùi, bếp từ đôi,....ngõ 250 Đường Hoàng Mai, Phường Khương Đình, Hà Nội0366935375 ib…",https://phongtro123.com/1-noi-thoai-mai-o-lm-viec-cuc-chill-pr706854.html
"Thứ 7, 07:36 16/05/2026",Cho thuê studio Triều Khúc 38m2 vào ở luôn,4 triệu/tháng,38 m2,"Thanh Xuân, Hà Nội","Phòng STUDIO cho hộ gia đình ,người đi làm thuê,tại ngõ 83 Triều Khúc, Phòng rộng 38m².không chung chủ,giờ giấc tự do. Đầy đủ tiện nghi: Thang máy,khóa vân…",https://phongtro123.com/cho-thue-studio-trieu-khuc-38m2-vao-o-luon-pr622755.html
"Thứ 5, 19:01 14/05/2026",Studio mới toanh ở Phú Diễn. Ở ngay. Full đồ. Mại doooooooooo,4 triệu/tháng,16 m2,"Bắc Từ Liêm, Hà Nội","8 Nguyễn Đạo AnNội thất: Giường tủ, nóng lạnh, điều hòa, tủ bếp, tủ lạnh, máy giặt ,bàn trang điểmLhe: 0398346418",https://phongtro123.com/studio-moi-toanh-o-phu-dien-o-ngay-full-do-mai-doooooooooo-pr706805.html
"Thứ 5, 15:58 14/05/2026",PHÒNG TRỌ KHÉP KÍN - SẠCH- ĐẸP PHỐ BÙI XƯƠNG TRẠCH,4 triệu/tháng,20 m2,"Thanh Xuân, Hà Nội","Phòng diện tích khoảng 20m2, có gác xép, sạch sẽ, thoáng mát, nằm trong khu bộ đội an ninh tốt, dân trí cao, yên tĩnh.TIỆN ÍCH:Có điều hòaCó bình nóng…",https://phongtro123.com/phong-tro-khep-kin-sach-dep-pho-bui-xuong-trach-3-pr706792.html
"Thứ 5, 08:36 14/05/2026",CHO THUÊ PKK MỚI ĐỐI DIỆN CĐ QUỐC TẾ - TRỊNH VĂN BÔ,5 triệu/tháng,30 m2,"Nam Từ Liêm, Hà Nội",Phòng mới – full nội thất Không cần mua sắm thêm 5 triệu/tháng Đối diện CĐ QUỐC TẾ – Trịnh Văn Bô️ Khóa vân tay – an toàn️ Camera…,https://phongtro123.com/cho-thue-pkk-moi-doi-dien-cd-quoc-te-trinh-van-bo-pr706747.html
"Thứ 4, 16:58 13/05/2026",Chính chủ cho thuê phòng trọ ở ngõ 198 Xã Đàn,3 triệu/tháng,20 m2,"Đống Đa, Hà Nội",Mình có phòng 3tr ở ngõ 198 Xã Đàn cách bách Kinh Xây tầm 1km.Không chung chủ. 2 phòng chung 1 nhà vệ sinhĐiện 3.5k/ số Nước 100k/ ngườiInternet 50k/…,https://phongtro123.com/chinh-chu-cho-thue-phong-tro-o-ngo-198-xa-dan-pr706716.html
"Thứ 3, 10:08 12/05/2026",CHÍNH CHỦ CHO THUÊ PHÒNG TRỌ GIÁ RẺ,2.5 triệu/tháng,18 m2,"Thanh Xuân, Hà Nội","Nhà thoáng mát, không ở chung với chủ. Giờ giấc tự do thoải mái như nhà mình. Có đồng hồ điện, nước riêng. Chỗ ở có nhiều tiện ích gần đường,…",https://phongtro123.com/chinh-chu-cho-thue-phong-tro-gia-re-11-pr706618.html
"Thứ 2, 21:59 11/05/2026",Phòng trọ đầy đủ tiện nghi tại [ngõ 76 Mai Dịch - Cầu Giấy],3.8 triệu/tháng,28 m2,"Cầu Giấy, Hà Nội","Dạng phòng: đơnGiá: 3tr8-p402Thang: BỘNội thất: Điêù Hoà, Nóng Lạnh, Giường, Tủ, Bàn bếp, Tủ Bếp, Máy Giặt Chung, Máy Sấy, Tủ LạnhDịch vụ:…",https://phongtro123.com/phong-tro-day-du-tien-nghi-tai-ngo-76-mai-dich-cau-giay-pr706597.html
"Thứ 2, 20:48 11/05/2026",Phòng mới đẹp giá rẻ chỉ 2tr5 tại 17 Đường Văn Minh,2.5 triệu/tháng,23 m2,"Hoài Đức, Hà Nội","Phòng đẹp mới gần ga nhổn phù hợp sinh viên đi tàu, an ninh đảm bảo, thoải máiĐịa chỉ: 17 Đường Văn Minh, Xã Hoài Đức, Hà NộiGiá thuê chỉ 2.5…",https://phongtro123.com/phong-moi-dep-gia-re-chi-2tr5-pr706589.html
"Thứ 2, 13:44 11/05/2026","Cho thuê phòng ở sạch sẽ, ổn định, phù hợp người đi làm, sinh viên mong muốn ở lâu dài",3 triệu/tháng,15 m2,"Nam Từ Liêm, Hà Nội","Vị trí: ngõ 394 Mỹ Đình, Nam Từ LiêmChỉ 3 triệu/thángDiện tích 15m², có 2 cửa sổ & ban công thoáng mátFull đồ: giường đệm, điều hòa, TV, tủ…",https://phongtro123.com/cho-thue-phong-o-sach-se-on-dinh-phu-hop-nguoi-di-lam-sinh-vien-mong-muon-o-lau-dai-4-pr706576.html
"Thứ 2, 08:45 11/05/2026","Cho Thuê CCMN 3,3TR Khép Kín Full Đồ và Máy Giặt Máy Sấy Tại 192 Kim Giang",3.3 triệu/tháng,30 m2,"Thanh Xuân, Hà Nội","Cơ sở 1 Ngõ 192 Kim Giang vẫn còn phòng CCMN nhé ạ GIÁ CCMN CHỈ 3TR6/1 PHÒNG KHÉP KÍN ( KHÔNG GIỚI HẠN SỐ LƯỢNG,ĐẨY ĐỦ GIƯỜNG TO, TỦ, TỦ LẠNH…",https://phongtro123.com/cho-thue-phong-tro-homestay-khep-kin-o-ngo-192-kim-giang-pr602927.html
"Chủ Nhật, 18:18 10/05/2026",Cho thuê phòng trọ vệ sinh khép kín tại 211 Phùng Khoang,3 triệu/tháng,18 m2,"Nam Từ Liêm, Hà Nội","Cho thuê phòng trọ tại 211 Phùng Khoang. Gần nhà thờ, gần Đhhn, cd nghề công nghiệp, Đại học ngoại ngữ… đường trước nhà rộng ô tô vào tận nhà, quanh…",https://phongtro123.com/cho-thue-phong-tro-ve-sinh-khep-kin-pr706543.html
"Chủ Nhật, 17:06 10/05/2026","CHO THUÊ PHÒNG NGÕ 73 YÊN XÁ, TÂN TRIỀU, THANH TRÌ, HÀ NỘI",3.8 triệu/tháng,20 m2,"Thanh Trì, Hà Nội","CHO THUÊ PHÒNG NGÕ 73 YÊN XÁ, TÂN TRIỀU, THANH TRÌ, HÀ NỘIDo có việc mình cần pass phòng vào ở được luôn* Giá thuê: 3.800.000đ/tháng* Chi phí dịch…",https://phongtro123.com/cho-thue-phong-ngo-73-yen-xa-tan-trieu-thanh-tri-ha-noi-2-pr706539.html
"Chủ Nhật, 16:53 10/05/2026","Vị trí: Địa chỉ ngõ 281 Đường trần khát chân, Bạch Mai, Phòng bao gồm 1giường đôi, 1 tủ 2 cánh",3 triệu/tháng,15 m2,"Hai Bà Trưng, Hà Nội","Vị trí: Địa chỉ ngõ 281 Đường trần khát chân, Bạch Mai Phòng bao gồm 1giường đôi, 1 tủ 2 cánh, sẵn 1 tủ lạnh, điều hòa, nóng lạnh, quạt trần…",https://phongtro123.com/vi-tri-dia-chi-ngo-281-duong-tran-khat-chan-bach-mai-phong-bao-gom-1giuong-doi-1-tu-2-canh-san-pr706535.html
"Chủ Nhật, 14:49 10/05/2026","CCMN 30M2 FULL NỘI THẤT, THOÁNG MÁT, THUẬN TIỆN NGAY CHỢ GIÁP NHỊ - CUỐI TRƯƠNG ĐỊNH",3.6 triệu/tháng,30 m2,"Hoàng Mai, Hà Nội","CHÍNH CHỦ ĐANG CÓ 2 PHÒNG (TẦNG 1 + TẦNG 2) đầy đủ Giường tủ, Điều hòa, Nóng lạnh VS khép kín, bếp nấu riêng, có ban công thoáng mát Miễn phí để…",https://phongtro123.com/ccmn-30m2-full-noi-that-thoang-mat-thuan-tien-ngay-cho-giap-nhi-cuoi-truong-dinh-pr706095.html
"Chủ Nhật, 09:46 10/05/2026",Cho Thuê phòng tại Trung tâm Kiều Mai - phường Phúc Diễn - quận Bắc Từ Liêm - Hà Nội,2.5 triệu/tháng,25 m2,"Bắc Từ Liêm, Hà Nội","Chính chủ có phòng khép kín cho thuê tại Trung tâm Kiều Mai- Phòng có Ban công và cửa sổ thoáng sáng ngập tràn.- Địa điểm gần chợ, bến xe bus và ga tàu…",https://phongtro123.com/cho-thue-phong-tai-trung-tam-kieu-mai-phuong-phuc-dien-quan-bac-tu-liem-ha-noi-pr706514.html
"Thứ 7, 14:44 09/05/2026","Phòng khép kín 3tr khu vực Lê Trọng Tấn, Hà Đông",3 triệu/tháng,25 m2,"Hà Đông, Hà Nội","Cho thuê phòng tại khu vực Hà Đông , diện tích 25m/phong khép kín đầy đủ đồ sạch sẽ , thang máyGiá chỉ 3 triệu/thángLiên hệ 0973421359",https://phongtro123.com/phong-khep-kin-3tr-khu-vuc-le-trong-tan-ha-dong-pr706463.html
"Thứ 7, 09:11 09/05/2026",Phòng Trọ ngõ 51 Ngọa Long – Gần ĐH Công Nghiệp – Đủ tiện nghi – Miễn phí internet tháng đầu,3 triệu/tháng,18 m2,"Bắc Từ Liêm, Hà Nội","Chỉ từ 100K/ngày – ở phòng CCMN full nội thất gần trường cực tiện Ngõ 51 Ngọa LongThuận tiện đến ĐH Công Nghiệp, ĐH Tài Nguyên & Môi Trường, FPT…",https://phongtro123.com/phong-ngo-51-ngoa-long-gan-dh-cong-nghiep-du-tien-nghi-mien-phi-internet-thang-dau-pr706171.html
"Thứ 7, 07:45 09/05/2026",Cho thuê phòng trọ 28m2 gần bến xe Mỹ đình gần đại học Thương mại,4 triệu/tháng,28 m2,"Nam Từ Liêm, Hà Nội",Rộng rãi thoáng mát có hành lang đầy đủ tiện nghi điều hòa nóng lạnh bàn tổ ghế giường ga đệmGiá: 4trieu/thángLiên hệ: 0977933809,https://phongtro123.com/cho-thue-phong-tro-28m2-gan-ben-xe-my-dinh-gan-dai-hoc-thuong-mai-pr706458.html
"Thứ 6, 09:18 08/05/2026",cho thuê nhà trọ giá rẻ có thang máy ở khu tân triều,3.5 triệu/tháng,20 m2,"Thanh Trì, Hà Nội","ngõ 138 Tân Triều)3tr5 full đồ bếp riêng wc riêngThang máy, khoá vân tayVào ở luônmiễn phí gửi xe . giờ giấc tự do",https://phongtro123.com/cho-thue-nha-tro-gia-re-co-thang-may-o-khu-tan-trieu-pr706391.html
"Thứ 6, 07:29 08/05/2026","Phòng trọ khép kín dt 35m2 tại Số 30 ngõ 51/2 Lãng Yên, Phường Thanh Lương, Hai Bà Trưng",3 triệu/tháng,35 m2,"Hai Bà Trưng, Hà Nội","Cho thuê phòng trọ tại Số 30 ngõ 51/2  Đường Lãng Yên, Phường Thanh Lương, Quận Hai Bà Trưng, Hà NộiPhòng trọ 35m2 khép kín, mới khóa cửa van tay đi lại…",https://phongtro123.com/phong-tro-khep-kin-dt-35m2-co-cho-de-xe-pr596542.html
"Thứ 4, 23:19 06/05/2026",CÒN PHÒNG ĐẸP GẦN FPT – GIÁ SINH VIÊN,3.5 triệu/tháng,20 m2,"Nam Từ Liêm, Hà Nội",CÒN PHÒNG ĐẸP GẦN ĐH ĐÔNG Á – ĐỐI DIỆN CĐ FPT Phòng mới – full nội thất Không cần mua sắm thêm 3 – 5 triệu/tháng Đối diện CĐ FPT –…,https://phongtro123.com/con-phong-dep-gan-fpt-gia-sinh-vien-pr706324.html
"Thứ 4, 20:18 06/05/2026","PASS PHÒNG GIÁ 2TR750 – MỄ TRÌ, NAM TỪ LIÊM, HÀ NỘI",2.75 triệu/tháng,20 m2,"Nam Từ Liêm, Hà Nội","PASS PHÒNG GIÁ 2TR750 – MỄ TRÌ, NAM TỪ LIÊM, HÀ NỘI* Địa chỉ: Nhà số 6, hẻm 12, ngõ 59 ngách 68 Mễ Trì- Cho thuê phòng như ảnh. Có tủ quần áo rất to,…",https://phongtro123.com/pass-phong-gia-2tr750-me-tri-nam-tu-liem-ha-noi-pr705971.html
"Thứ 4, 14:15 06/05/2026",Mình chính chủ muốn cho thuê phòng studio có thể ở nhiều người đầy đủ tiện nghi tủ lạnh cửa sổ,5 triệu/tháng,30 m2,"Nam Từ Liêm, Hà Nội","tại Ngõ 35 Tu Hoàng, Bắc Từ Liêm — khu dân cư yên tĩnh, giá thuê hợp lý. Gần các trục đường lớn: Phạm Văn Đồng, Hoàng Quốc Việt, Xuân Thủy — di…",https://phongtro123.com/minh-chinh-chu-muon-cho-thue-phong-studio-co-the-o-nhieu-nguoi-day-du-tien-nghi-tu-lanh-cua-so-pr706292.html
"Thứ 3, 21:17 05/05/2026",CHO THUÊ PHÒNG TRỌ FULL NỘI THẤT MỚI,4.3 triệu/tháng,30 m2,"Thanh Xuân, Hà Nội","Không chung chủ, chỗ để xe thoải mái, nhà mới khai trương, nội thất đầy đủ, wifi, bình nóng lạnh, máy lọc nước, ban công riêng, bếp và tủ bếp, WC khép…",https://phongtro123.com/cho-thue-phong-tro-full-noi-that-moi-pr703996.html
"Thứ 3, 20:31 05/05/2026",4.1tr Studio Full đồ 619 Vũ Tông Phan (358/109 Bùi Xương Trạch),4.1 triệu/tháng,20 m2,"Thanh Xuân, Hà Nội","Ở LUÔN THÁNG 5 ƯU ĐÃI chỉ 2.5trTừ tháng 6 ️4.1tr - STUDIO FULL ĐỒ Ngõ 619 Vũ Tông Phan (thông 358 Bùi Xương Trạch) – cách ô tô 30m Phòng sẵn đồ,…",https://phongtro123.com/4-1tr-studio-full-do-619-vu-tong-phan-358-109-bui-xuong-trach-pr706266.html
"Thứ 3, 16:07 05/05/2026","Cho thuê phòng full nội thất 40m2 có ban công ngõ ô tô gần HH, trường tiểu học Chu Van An",5 triệu/tháng,40 m2,"Hoàng Mai, Hà Nội",NHÀ SỐ 3 NGÕ 123/6 BẰNG LIỆT - HOÀNG MAI( Gần tiểu học Chu Văn An- Linh đàm )NHÀ XÂY MỚI : TỔNG 100M2 CHIA 3 PHÒNGSTUDIO 30 M2 BAN CÔNGNội thất : điều hoà…,https://phongtro123.com/1-khach-1-ngu-ban-cong-o-to-do-cua-huong-tien-ich-noi-khu-biet-thu-tay-nam-linh-dam-pr671654.html
"Thứ 3, 15:59 05/05/2026","Cho thuê Studio Hoàng Ngân gần Láng Hạ full nội thất, có ban công",4.3 triệu/tháng,30 m2,"Thanh Xuân, Hà Nội","Diện tích : 30m²• Full nội thất• Có ban cônggần Láng Hạ, Lê Văn Lương, Nguyễn Trãi- Phòng đầy đủ điều hòa, nóng lạnh, máy giặt, giường, tủ…",https://phongtro123.com/cho-thue-studio-hoang-ngan-gan-lang-ha-full-noi-that-co-ban-cong-pr703142.html
"Thứ 3, 08:47 05/05/2026","Phòng trọ giá rẻ, khép kín, khu an ninh tốt, khu Đền Lừ - Mai Động, chỉ 1,7 triệu/tháng",1.7 triệu/tháng,15 m2,"Hoàng Mai, Hà Nội","Cho thuê phòng trọ gần cầu Trắng khu Mai Động - Đền Lừ, DT 15 - 21m2, phòng khép kín, điều hòa, cửa sổ. Khu an ninh tốt, gần chợ, bệnh xá...Bến xe bus…",https://phongtro123.com/phong-tro-gia-re-khep-kin-khu-an-ninh-tot-khu-den-lu-mai-dong-chi-1-7-trieu-thang-pr655303.html
"Thứ 3, 08:09 05/05/2026",Phòng khép kín cho thuê cạnh cổng ĐH Kinh tế Quốc dân,2.6 triệu/tháng,20 m2,"Hai Bà Trưng, Hà Nội","Cho thuê phòng khép kín:Diện tích: 20m2, bao gồm bếp, nhà vệ sinh, đầy đủ bình nóng lạnh.Điện nước: tính theo giá nhà nước.Vị trí: Gần 3 trường…",https://phongtro123.com/phong-khep-kin-cho-thue-canh-cong-dh-kinh-te-quoc-dan-pr706218.html
"Thứ 2, 19:51 04/05/2026","PHÒNG TRỌ CCMN KHÉP KÍN MỚI TINH TẠI TÂY TỰU, BẮC TỪ LIÊM, HÀ NỘI CHỈ TỪ 2TR600K",2.6 triệu/tháng,20 m2,"Bắc Từ Liêm, Hà Nội","GIÁ KHAI TRƯƠNG – CCMN KHÉP KÍN MỚI TINH TẠI TÂY TỰU, BẮC TỪ LIÊM, HÀ NỘI CHỈ TỪ 2TR600K* Địa chỉ: Ngõ 22 Trung Kiên, Tây Tựu** Diện tích:+ Phòng…",https://phongtro123.com/ccmn-khep-kin-moi-tinh-tai-tay-tuu-bac-tu-liem-ha-noi-chi-tu-2tr600k-pr706215.html
"Thứ 2, 19:29 04/05/2026",Cho thuê phòng trọ khép kín full đồ giá rẻ khu vực Hồng Hà,3.3 triệu/tháng,17 m2,"Ba Đình, Hà Nội","Cho thuê phòng trọ khép kín full đồ giá rẻ khu vực Hồng HàNhà mới tinh, vệ sinh khép kín, có đệm, tủ, bếp, nóng lạnh, điều hoà.Diện tích 17m2, giá…",https://phongtro123.com/cho-thue-phong-tro-gia-re-khu-vuc-hong-ha-pr706213.html
"Thứ 2, 18:23 04/05/2026","PASS PHÒNG TRỌ GIÁ RẺ – FULL TIỆN ÍCH – Ở NGAY TẠI TÂN TRIỀU, THANH TRÌ, HÀ NỘI",2.7 triệu/tháng,25 m2,"Thanh Trì, Hà Nội","PASS PHÒNG TRỌ GIÁ RẺ – FULL TIỆN ÍCH – Ở NGAY TẠI TÂN TRIỀU, THANH TRÌ, HÀ NỘI* Địa chỉ: Ngõ 73 Tân Triều- Phòng sạch sẽ, thoáng mát, có cửa sổ +…",https://phongtro123.com/pass-phong-tro-gia-re-full-tien-ich-o-ngay-tai-tan-trieu-thanh-tri-ha-noi-pr706209.html
"Thứ 2, 16:45 04/05/2026",Cho thuê phòng trọ đầy Full đồ ngõ 306 Xuân Đỉnh,3.3 triệu/tháng,28 m2,"Bắc Từ Liêm, Hà Nội","Hiện tại mình đang trống phòng cho thuê tại ngõ 306 Xuân Đỉnh. ( cách Nội Vụ khoản hơn 1 km, Cách mỏ - tài chính 4km )- Giá 3,3 triệu/tháng- Full đồ : Có…",https://phongtro123.com/cho-thue-phong-tro-day-full-do-ngo-306-xuan-dinh-pr706202.html
"Thứ 2, 11:32 04/05/2026","Phòng trọ cho thuê ở Văn Quán, Quận Hà Đông",2.5 triệu/tháng,20 m2,"Hà Đông, Hà Nội","Còn 3 phòng t3, t4 cho thuê KO KHÉP KÍN (có thể thuê cả tầng), có chỗ để xe.Giá phòg 2tr5. ( Ở được luôn )Điện 4k/số, Nước 100k/ngMạng 50k/ng. Có…",https://phongtro123.com/phong-tro-cho-thue-o-van-quan-ha-dong-pr706170.html
"Thứ 2, 08:59 04/05/2026",Cho thuê phòng căn hộ trong biệt thự 84 Bà Triệu - Quận Hoàn Kiếm,2.5 triệu/tháng,12 m2,"Hoàn Kiếm, Hà Nội","Cho thuê phòng 12m², tầng 1 sàn gỗ, trong biệt thự phố Bà Triệu, có phụ, bếp, sân phơi, giá 2,5tr/tháng. Đt liên hệ: Bác Vân: 0358 917 234",https://phongtro123.com/cho-thue-can-ho-trong-biet-thu-84-ba-trieu-quan-hoan-kiem-pr706155.html
"Thứ 2, 08:47 04/05/2026",Khai trương phòng trọ mới tinh full đồ 457 Xuân Đỉnh,3.8 triệu/tháng,25 m2,"Bắc Từ Liêm, Hà Nội","Khai trương nhà mới xâyCho thuê phòng trọ ở 457 Xuân Đỉnh, Bắc Từ LiêmDiện tích 25m2. Cửa sổ to thoáng.Full đồ. Máy giặt chung. Thang máy.Gần Nguyễn…",https://phongtro123.com/phong-gac-xep-ban-cong-thoang-347-co-nhue-pr705751.html
"Thứ 2, 08:47 04/05/2026",Phòng 1 ngủ 1 bếp to thoáng 319 Trần Cung,3.7 triệu/tháng,30 m2,"Bắc Từ Liêm, Hà Nội","Cho thuê phòng ở 319 Trần CungDiện tích 30m2. Thiết kế 1 ngủ 1 bếp riêng biệt, sạch sẽ không mùi.Đồ cơ bản. Máy giặt chung. CÓ nhận xe điện.Gần…",https://phongtro123.com/phong-1-ngu-1-bep-to-thoang-319-tran-cung-pr705275.html
"Thứ 2, 08:46 04/05/2026",Nhận xe điện phòng to thoáng 521 Cổ Nhuế 3tr3,3.3 triệu/tháng,25 m2,"Bắc Từ Liêm, Hà Nội","Cho thuê phòng trọ ở 521 Cổ Nhuế, Bắc Từ LiêmThông với 347 Cổ Nhuế, gần khu đô thị Resco, Cầu Noi.Diện tích 25m2. Cửa sổ to thoáng.Đồ cơ bản. Máy…",https://phongtro123.com/phong-to-thoang-521-co-nhue-bac-tu-liem-pr705274.html
"Chủ Nhật, 09:54 03/05/2026",1 ngủ 1 khách 30m2 tại phú diễn,4.5 triệu/tháng,30 m2,"Bắc Từ Liêm, Hà Nội","⏳Tình trạng: ở ngay Chi phí dịch vụ:• Điện: 3k8/số• Nước: 120k/người• Internet: 100k/phòng• Dịch vụ chung: 150k/ người (Máy giặt, vệ…",https://phongtro123.com/1-ngu-1-khach-30m2-tai-phu-dien-pr706114.html
"Thứ 6, 17:15 01/05/2026","PHÒNG ĐẸP CHO THUÊ TẠI MỸ ĐÌNH, NAM TỪ LIÊM, HÀ NỘI",5.2 triệu/tháng,25 m2,"Nam Từ Liêm, Hà Nội","Phòng đẹp cho thuê tại:Đ/c: ngõ 402/42/14 Mỹ Đình⏰ Vào ở ngayGiá: 5tr2Thông tin phòng:Studio ~25m², có thang máyPhòng thoáng, mátNội thất:Giường,…",https://phongtro123.com/phong-dep-cho-thue-tai-my-dinh-nam-tu-liem-ha-noi-pr706058.html
"Thứ 4, 15:04 29/04/2026","CHO THUÊ PHÒNG TRỌ KHÉP KÍN Ở QUAN HOA, CẦU GIẤY , HÀ NỘI",2.6 triệu/tháng,25 m2,"Cầu Giấy, Hà Nội","Phòng trọ khép kín – Quan Hoa, Cầu Giấy (Hà Nội) Số 16 Nguyễn Khánh Toàn – gần nhiều trường ĐH lớn Diện tích: 25m² Giá thuê: 2,6tr/tháng | Cọc 1.5tr…",https://phongtro123.com/cho-thue-phong-tro-khep-kin-o-quan-hoa-cau-giay-ha-noi-2-pr705991.html
"Thứ 3, 13:50 28/04/2026",Phòng trọ gác xép thoáng 521 Cổ Nhuế 3tr,3 triệu/tháng,25 m2,"Bắc Từ Liêm, Hà Nội","Vị trí phòng ở 521 Cổ Nhuế, Bắc Từ Liêm thông với 347 Cổ Nhuế, đường Cầu Noi.Diện tích 25m2. Cửa sổ thoáng. Có gác xép.Đồ cơ bản. Máy giặt…",https://phongtro123.com/phong-tro-gac-xep-thoang-521-co-nhue-3tr-pr705276.html
"Thứ 3, 13:49 28/04/2026",Khai trương phòng trọ full đồ ban công 457 Xuân Đỉnh,3.8 triệu/tháng,20 m2,"Bắc Từ Liêm, Hà Nội","Khai trương nhà mới xâyCho thuê phòng trọ ở 457 Xuân Đỉnh, Bắc Từ LiêmDiện tích 20m2. Ban công cửa sổ to thoáng.Full đồ. Máy giặt chung. Thang…",https://phongtro123.com/phong-tro-full-do-cua-so-thoang-75-xuan-dinh-pr705492.html
"Thứ 3, 09:34 28/04/2026","CHO THUÊ PHÒNG ngõ 114 Nguyễn Đạo An, Phú diễn. bắc từ liêm. giá 2,2 tr khép kín ở luôn",2.2 triệu/tháng,24 m2,"Bắc Từ Liêm, Hà Nội","CHO THUÊ PHÒNG ngõ 114 Nguyễn Đạo An, Phú diễn. bắc từ liêmgiá 2,2 tr khép kín ở luônNội thất: Giường tủ, đệm, điều hòa, tủ lạnh, kệ góc, nóng…",https://phongtro123.com/cho-thue-phong-ngo-114-nguyen-dao-an-phu-dien-bac-tu-liem-gia-2-2-tr-khep-kin-o-luon-pr705616.html
"Thứ 3, 09:34 28/04/2026","CHO THUÊ PHÒNG KHÉP KÍN THÚ Y, FULL ĐỒ 2,3 TR",2.3 triệu/tháng,25 m2,"Hoài Đức, Hà Nội","CHO THUÊ PHÒNG KHÉP KÍN – FULL NỘI THẤTPhố Thú Y, Đức Thượng, Hoài Đức, Hà Nộigiá 2,3trGần các trường: ĐH Công Nghiệp, CĐ FPT, ĐH Đông Á, ĐH Thành…",https://phongtro123.com/cho-thue-phong-khep-kin-thu-y-full-do-2-5-tr-pr696937.html
"Thứ 3, 09:33 28/04/2026","CHO THUÊ PHÒNG TRỌ – NHÀ 19B NGÕ 530 THỤY KHUÊ, TÂY HỒ. 2,2tr/ tháng",2 triệu/tháng,20 m2,"Tây Hồ, Hà Nội","CHO THUÊ PHÒNG TRỌ – NHÀ 19B NGÕ 530 THỤY KHUÊ, TÂY HỒ2tr/ thángCách Hồ Tây 700m, cách phố Thụy Khuê 100m, thuận tiện đi lại.Tiện nghi: Giường, tủ,…",https://phongtro123.com/cho-thue-phong-tro-nha-19b-ngo-530-thuy-khue-tay-ho-2-4tr-thang-pr700561.html
"Thứ 3, 09:33 28/04/2026",CHÍNH CHỦ CHO THUÊ TRỌ SINH VIÊN CÁCH PHENIKA 1Km.,3 triệu/tháng,25 m2,"Hà Đông, Hà Nội","Mình chính chủ có phòng cho thuê, diện tích 25mét vuông, rộng thoáng có ban trước cửa phòng, vệ sinh khép kín, điều hoà, giường tủ, nóng lạnh đầy đủ,…",https://phongtro123.com/thue-tro-sinh-vien-dai-hoc-phenika-pr705622.html
"Thứ 3, 00:23 28/04/2026","Cho thuê phòng tại Tương Mai- Hoàng Mai , Nguyễn An Ninh.",3.5 triệu/tháng,30 m2,"Hoàng Mai, Hà Nội",Cho thuê căn hộ trong chung cư mini tại Số 57 Ngõ 35 Phố Nguyễn An Ninh - Tương Mai - Hoàng Mai – Hà Nội.(* Chính chủ) - Phòng mới đẹp thiết kế hài hòa…,https://phongtro123.com/cho-thue-phong-tai-nguyen-an-ninh-gan-kt-xd-bk-pr604749.html
"Thứ 2, 17:09 27/04/2026","CHO THUÊ PHÒNG TRỌ – NHÀ 19B NGÕ 530 THỤY KHUÊ, TÂY HỒ 2.5tr Ở LUÔN",2.5 triệu/tháng,17 m2,"Ba Đình, Hà Nội","CHO THUÊ PHÒNG TRỌ – NHÀ 19B NGÕ 530 THỤY KHUÊ, TÂY HỒ giá 2,5tr/tháng, vsc 1 phòng Cách Hồ Tây 700m, cách phố Thụy Khuê 100m, thuận tiện đi lại. Tiện…",https://phongtro123.com/cho-thue-phong-tro-nha-19b-ngo-530-thuy-khue-tay-ho-2-6tr-o-luon-pr696116.html
"Thứ 2, 14:36 27/04/2026","Phòng mới 100% - Full đồ tại Hinode Di Trạch, Hoài Đức. Giá 3.6tr",3.6 triệu/tháng,25 m2,"Hoài Đức, Hà Nội","- Cách nhổn 8p đi xe máy- Có đầy đủ camera an ninh- Cửa phòng chống cháy, thang thoát hiểm, hệ thống PCCC đầy đủ- Giá cả thương lượng",https://phongtro123.com/phia-trong-khu-do-thi-hinode-di-trach-kim-chung-hoai-duc-pr705888.html
"Chủ Nhật, 21:05 26/04/2026","DUPLEX NGÕ 2 NGUYÊN XÁ - 30m2. Full Điều hòa, Nóng lạnh, Tủ quần áo 4 cánh..",3.5 triệu/tháng,30 m2,"Bắc Từ Liêm, Hà Nội","DUPLEX NGÕ 2 NGUYÊN XÁ – CÁCH ĐH CÔNG NGHIỆP 250M ️ƯU ĐIỂM VƯỢT TRỘI:Vị trí: Sát vách ĐH Công nghiệp (250m), đi bộ đi học siêu tiện.Diện tích:…",https://phongtro123.com/duplex-ngo-2-nguyen-xa-30m2-tien-nghi-full-dieu-hoa-nong-lanh-tu-quan-ao-4-canh-co-tu-lan-pr704694.html
"Chủ Nhật, 21:05 26/04/2026",Phòng 2tr6 -2tr9- 3trban công cửa sổ tại nguyên xá,2.6 triệu/tháng,20 m2,"Bắc Từ Liêm, Hà Nội","2tr6-3tr bạn được sở hữu - ban công- cửa sổ- điều hoà nóng lạnh giường tủ- tủ lạnh-Thang máy-Một chiếc phòng cực xinh chillNhà mới , được tặng…",https://phongtro123.com/phong-2tr6-3tr-3tr5-ban-cong-cua-so-tai-nguyen-xa-pr704261.html
"Chủ Nhật, 07:37 26/04/2026",PHÒNG ĐẸP PHAN ĐÌNH GIÓT – 5TR - FULL ĐỒ – CỬA SỔ TO – THOÁNG SÁNG,5 triệu/tháng,25 m2,"Thanh Xuân, Hà Nội","PHÒNG ĐẸP PHAN ĐÌNH GIÓT – 5TRFULL ĐỒ – CỬA SỔ TO – THOÁNG SÁNGVị trí cực đẹp – ngõ nông, gần phố️ Tiện ích đầy đủ xung quanh: chợ, siêu…",https://phongtro123.com/phong-dep-phan-dinh-giot-5tr-full-do-cua-so-to-thoang-sang-pr704016.html
"Chủ Nhật, 07:37 26/04/2026","VƯƠNG THỪA VŨ, THANH XUÂN 5TR - FULL ĐỒ - MÁY GIẶT RIÊNG - PCCC ĐẦY ĐỦ.",5 triệu/tháng,30 m2,"Thanh Xuân, Hà Nội","VƯƠNG THỪA VŨ, THANH XUÂN 5TR - FULL ĐỒ - MÁY GIẶT RIÊNG - PCCC ĐẦY ĐỦ.Phí dịch vụ rẻ hơn mặt bằng chung.PCCC đầy đủ, an toàn đảm bảo.Full nội…",https://phongtro123.com/vuong-thua-vu-thanh-xuan-5tr-full-do-may-giat-rieng-pccc-day-du-pr704010.html
"Chủ Nhật, 07:36 26/04/2026",KHƯƠNG HẠ 4TR5 - FULL ĐỒ - MÁY GIẶT RIÊNG - BAN CÔNG - CỰC THOÁNG.,4.5 triệu/tháng,30 m2,"Thanh Xuân, Hà Nội","KHƯƠNG HẠ, THANH XUÂN - NGÃ TƯ SỞ 4TR5FULL ĐỒ - MÁY GIẶT RIÊNG - BAN CÔNG - CỰC THOÁNG.Phí dịch vụ rẻ hơn mặt bằng chung.Phòng thoáng, ban công.Full…",https://phongtro123.com/khuong-ha-4tr5-full-do-may-giat-rieng-ban-cong-cuc-thoang-pr704796.html
"Chủ Nhật, 00:04 26/04/2026","Cần cho thuê gấp phòng ở tại ngõ 110 Quan Nhân,Hà Nội, full nội thất, khép kín, không chung chủ",3.7 triệu/tháng,30 m2,"Thanh Xuân, Hà Nội","[CHO THUÊ] PHÒNG TRỌ KHÉP KÍN 30M2 - NGÕ 110 QUAN NHÂN - FULL ĐỒ, GIỜ GIẤC TỰ DOHiện tại mình còn trống 01 phòng duy nhất tại tòa nhà 5 tầng khu vực Nhân…",https://phongtro123.com/can-cho-thue-gap-phong-o-tai-phuong-nhan-chinh-thanh-xuan-pr597104.html
"Thứ 7, 14:59 25/04/2026","Cho thuê phòng chính chủ 1,85 triệu/tháng Khương Đình, Quận Thanh Xuân",1.85 triệu/tháng,20 m2,"Thanh Xuân, Hà Nội","Tôi có nhu cầu cho thuê phòng chính chủ khép kín tại Ngõ 1 Bùi Xương Trạch khương đình thanh xuân hà nội.- Phòng sạch sẽ thoáng mát, vệ sinh khép…",https://phongtro123.com/cho-thue-phong-chinh-chu-1-85-trieu-thang-khuong-dinh-thanh-xuan-pr705783.html
"Thứ 7, 13:27 25/04/2026",CHO THUÊ TRỌ TẠI KIM GIANG GIÁ 4 TRIỆU,4 triệu/tháng,25 m2,"Hoàng Mai, Hà Nội",Do thay đổi địa điểm làm việc nên mình cần pass lại phòng tại 168 Kim Giang. Thông tin phòng:Giá thuê: 4.000.000đ/tháng Xe :100k / xePhí dịch vụ : 300k (…,https://phongtro123.com/cho-thue-tro-tai-kim-giang-gia-4-trieu-pr704842.html
"Thứ 7, 10:47 25/04/2026","Cho thuê 1N1K ngõ 111 triều khúc hoặc oto đi 286 Nguyễn Xiển, Full đồ, khép kín, ban công cửa sổ",5.8 triệu/tháng,35 m2,"Thanh Xuân, Hà Nội","Cho thuê căn 1N1K full đồ, có cửa sổ, ban công, khép kín tại ngõ 286 nguyễn xiển (cạnh ecogreen)hoặc đi ngõ 111 Triều Khúc. Đường oto đỗ cửa.Gần…",https://phongtro123.com/cho-thue-phong-111-trieu-khuc-full-do-khep-kin-co-ban-cong-pr590482.html
"Thứ 7, 06:50 25/04/2026",Cho thuê phòng 3tr tại đầu phố nguyên xá . Phòng đẹp đủ nội thất cao cấp,3 triệu/tháng,22 m2,"Bắc Từ Liêm, Hà Nội","Phòng này tôi có quạt trần, Điều hoà nóng lạnh giường tủ quần áo to, có tủ sách cũng rất cao , bạn có thể để tha hồ sách vở, đồ dùng cặp túi…",https://phongtro123.com/cho-thue-phong-3tr-tai-dau-pho-nguyen-xa-phong-dep-du-noi-that-cao-cap-pr704702.html
"Thứ 6, 12:32 24/04/2026",Cho thuê phòng trọ ở chung nhà với chủ nhà,2 triệu/tháng,12 m2,"Đống Đa, Hà Nội","Cho thuê phòng trọ ở chung nhà với chủ nhàPhòng ở tầng 2Số 38 ngõ Lệnh Cư Phố Khâm Thiên, Phường Thổ Quan, Quận Đống Đa, Hà NộiGiao thông thuận…",https://phongtro123.com/cho-thue-phong-tro-o-chung-nha-voi-chu-nha-pr705711.html
"Thứ 6, 08:25 24/04/2026","Cho thuê phòng trọ khép kín, rộng 25m2 giá cho thuê 2,6triệu/tháng",2.6 triệu/tháng,25 m2,"Thanh Xuân, Hà Nội","Phòng trọ khép kín, 25m2. Có bình nóng lạnh, điều hòa, khu bếp nấu ăn, phơi quần áo, internet, camera an ninh.",https://phongtro123.com/cho-thue-phong-tro-khep-kin-20m2-pr309705.html
"Thứ 5, 12:55 23/04/2026","Đối diện CĐ FPT, nhà mới xây thang máy PCCC đầy đủ, ban công sáng thoáng",3 triệu/tháng,15 m2,"Nam Từ Liêm, Hà Nội","Cho thuê phòng Đối diện CĐ FPT, nhà mới xây thang máy xịn xò, PCCC đầy đủ, ban công sáng thoángNội thất đầy đủ, chỉ việc xách vali vào ở. tòa nhà…",https://phongtro123.com/doi-dien-cd-fpt-nha-moi-xay-thang-may-pccc-day-du-ban-cong-sang-thoang-pr705645.html
"Thứ 5, 11:58 23/04/2026","Cho thuê phòng phố Xã Đàn Kim Liên Hà Nội gần ĐH : Bách Kinh Xây, Ngân Hàng, Y, Thủy Lợi, Công Đoàn",4.5 triệu/tháng,20 m2,"Đống Đa, Hà Nội","Chính chủ cho thuê phòng khép kín tòa nhà mới hoàn thiện, cách 02 nhà ra măt phố Xã Đàn, Khu dân trí cao, xe bus đầu ngõ kết nối khắp nơi. Tòa nhà thuộc…",https://phongtro123.com/cho-thue-phong-pho-xa-dan-kim-lien-ha-noi-gan-dh-bach-kinh-xay-ngan-hang-y-thuy-loi-cong-doan-pr701870.html
"Thứ 5, 11:27 23/04/2026","GIÁP NHỊ, HOÀNG MAI 4TR5 - FULL ĐỒ - MÁY GIẶT RIÊNG - THOÁNG SÁNG - NHIỀU TIỆN ÍCH",4.5 triệu/tháng,30 m2,"Hoàng Mai, Hà Nội","GIÁP NHỊ 4TR5FULL ĐỒ - MÁY GIẶT RIÊNG - THOÁNG SÁNG - NHIỀU TIỆN ÍCHPhí dịch vụ rẻ hơn mặt bằng chung.Không chung chủ, giờ giấc tự do.Full nội…",https://phongtro123.com/giap-nhi-hoang-mai-4tr5-full-do-may-giat-rieng-thoang-sang-nhieu-tien-ich-pr704777.html
"Thứ 5, 11:27 23/04/2026",5TR5 - XÃ ĐÀN - NHÀ MỚI - FULL ĐỒ - MÁY GIẶT RIÊNG - BAN CÔNG - PHÒNG THOÁNG,5 triệu/tháng,25 m2,"Đống Đa, Hà Nội","5TR5 - XÃ ĐÀN, ĐỐNG ĐA — NHÀ MỚI KOONGFULL ĐỒ — MÁY GIẶT RIÊNG — BAN CÔNG RỘNG — PHÒNG THOÁNGKhông chung chủ — Giờ giấc tự do thoải máiNhà mới…",https://phongtro123.com/5tr5-xa-dan-nha-moi-full-do-may-giat-rieng-ban-cong-phong-thoang-pr704720.html
"Thứ 5, 11:04 23/04/2026","Cho thuê phòng trọ khép kín tại 41 ngõ 236 Khương đình, Phường Hạ Đình, Thanh Xuân Hà Nội.",1.6 triệu/tháng,13 m2,"Thanh Xuân, Hà Nội","Cho thuê phòng trọ khép kín tại 41 ngõ 236 Khương đình, Phường Hạ Đình, Thanh Xuân Hà Nội. Diện tích: 13m2có điều hòa, phòng tắm có nóng lạnhm bàn bếp…",https://phongtro123.com/cho-thue-phong-tro-khep-kin-tai-41-ngo-236-khuong-dinh-phuong-ha-dinh-thanh-xuan-ha-noi-pr668880.html
"Thứ 5, 10:36 23/04/2026","PHÒNG MỚI TOANH SẴN VÀO Ở LUÔN. D/c: Ngõ 77/47/9 Xuân La, Tây Hồ, HN",4.3 triệu/tháng,26 m2,"Tây Hồ, Hà Nội","HÒNG MỚI TOANH SẴN VÀO Ở LUÔND/c: Ngõ 77/47/9 Xuân La, Tây Hồ, HN(Đầu ngõ 230 Võ Chí Công)Phòng đủ đồ gồm giường, tủ gỗ, nóng lạnh, kệ bếp, tủ…",https://phongtro123.com/phong-moi-toanh-san-vao-o-luon-d-c-ngo-77-47-9-xuan-la-tay-ho-hn-pr674463.html
"Thứ 5, 10:35 23/04/2026",Phòng trọ Studio đủ đồ tại Đỗ Đức Dục Có Ban Công,4.7 triệu/tháng,27 m2,"Nam Từ Liêm, Hà Nội","Phòng Studio mới xây tại ngõ 4 Đỗ Đức Dục có thể vào ở ngay.Nhà có thang máy, máy giặt, máy sấy, chỗ để xe FREE, không chung chủ.Nội thất phòng đủ…",https://phongtro123.com/phong-tro-studio-du-do-tai-do-duc-duc-co-ban-cong-pr705629.html
"Thứ 4, 19:57 22/04/2026","CHO THUÊ PHÒNG TRỌ KHÉP KÍN TẠI LAI XÁ, HOÀI ĐỨC, HÀ NỘI",3.3 triệu/tháng,22 m2,"Hoài Đức, Hà Nội","CHO THUÊ PHÒNG TRỌ KHÉP KÍN TẠI LAI XÁ, HOÀI ĐỨC, HÀ NỘI * Địa chỉ: Ngõ 38/5 Lai Xá-Hoài Đức, Liên hệ: 0988515721- Diện tích: 20m2 (chưa tính nhà vs).-…",https://phongtro123.com/cho-thue-phong-tro-khep-kin-tai-lai-xa-hoai-duc-ha-noi-pr705594.html
"Thứ 4, 11:46 22/04/2026","Cho thuê phòng trọ khép kín 150 Phó Đức Chính, gần Hồ Trúc Bạch, Hồ Gươm, Hồ Tây",3.9 triệu/tháng,35 m2,"Ba Đình, Hà Nội","CC CHO THUÊ PHÒNG TRỌ KHÉP KÍN GIÁ 3.9TR/TH, NGÕ 150 PHỐ PHÓ ĐỨC CHÍNH, GẦN HỒ TRÚC BẠCH, RIÊNG TẦNG, KHÔNG CHUNG CHỦ.- Các phòng khép kín, hiện còn trống…",https://phongtro123.com/cho-thue-phong-tro-khep-kin-150-pho-duc-chinh-gan-ho-truc-bach-ho-guom-ho-tay-pr705563.html
"Thứ 4, 11:05 22/04/2026",PHÒNG TRỌ MỚI ĐẸP QUANG TRUNG - HÀ ĐÔNG THANG MÁY FULL NỘI THẤT CHỈ HƠN 3 TRIỆU,3.5 triệu/tháng,18 m2,"Hà Đông, Hà Nội","Chính chủ cần cho thuê phòng trọ CCMN tại Quang Trung Hà Đông, nhà mới đẹp, sạch sẽ, vị trí gần chợ dân sinhDiện tích 15-18m2Thang máy, cửa vân tay,…",https://phongtro123.com/phong-tro-moi-dep-quang-trung-ha-dong-thang-may-full-noi-that-chi-hon-3-trieu-pr705556.html
"Thứ 4, 09:35 22/04/2026","Cho thuê phòng rẻ đẹp Đội Cấn, Ngọc Hà, Hà Nội",2.5 triệu/tháng,15 m2,"Ba Đình, Hà Nội","PHÒNG RẺ – ĐẸP – FULL TIỆN NGHI ĐỘI CẤN, HÀ NỘI - Địa chỉ: Số 14, ngách 343/47, ngõ 343 Đội Cấn- Diện tích: 15m² (tầng 1) - Có cửa sổ thoáng,…",https://phongtro123.com/cho-thue-phong-re-dep-doi-can-ngoc-ha-ha-noi-pr705542.html
"Thứ 3, 17:54 21/04/2026","Phòng trọ tại Thái Thịnh – Đống Đa, ngõ rộng ô tô vào thoải mái",3.2 triệu/tháng,16 m2,"Đống Đa, Hà Nội","Địa chỉ: Khu vực Thái Thịnh – Thịnh Quang – Đống Đa, gần đình Thịnh Quang  Ngõ rộng, ô tô đi lại dễ dàng, khu trung tâm rất thuận tiện di chuyển đi…",https://phongtro123.com/phong-tro-tai-thai-thinh-dong-da-ngo-rong-o-to-vao-thoai-mai-pr705526.html
"Thứ 3, 11:58 21/04/2026",TRUNG TÂM BA ĐÌNH Tặng 200k/ tháng trong tháng 4 này - Ngõ 444 Đội Cấn,2.4 triệu/tháng,10 m2,"Ba Đình, Hà Nội","TRUNG TÂM BA ĐÌNHTặng 200k/ tháng trong tháng 4 này - Ngõ 444 Đội CấnGiá phòng 2tr6 chỉ còn 2tr4Full đồ: Điều hòa, Dát giường, Tủ, QuạtFREE 100%: Máy…",https://phongtro123.com/trung-tam-ba-dinh-tang-200k-thang-trong-thang-4-nay-ngo-444-doi-can-pr705500.html
"Thứ 3, 09:20 21/04/2026",Cho thuê phòng trọ khép kín khu vực Hà Đông,3.5 triệu/tháng,35 m2,"Hà Đông, Hà Nội","Phòng 3Tr5 - 4Tr mĐầy đủ điều hoà, nóng lạnh, tủ quần áo, bàn bếp…vv…Để xe free, xe điện, pet thoải mái. Cửa công khoá vân tay. Ko thêm phí dvĐóng 1…",https://phongtro123.com/cho-thue-phong-tro-khep-kin-khu-vuc-ha-dong-pr705478.html
"Thứ 2, 17:10 20/04/2026","Cho thuê phòng trọ khu vực Phú Mỹ, Mỹ Đình 2, Nam Từ Liêm",3.5 triệu/tháng,24 m2,"Nam Từ Liêm, Hà Nội","Cho thuê phòng trọ full đồ khu vực Phú Mỹ, Mỹ Đình, Nam Từ Liêm.Thuận tiện đi lại, cách bến xe Mỹ Đình 600m, gần các trường cao đẳng, đại học: ĐH…",https://phongtro123.com/cho-thue-phong-tro-khu-vuc-phu-my-my-dinh-2-nam-tu-liem-pr705461.html
"Thứ 2, 15:04 20/04/2026",PHÒNG TRỌ VÂN CANH 2TR7 – FULL NỘI THẤT – KHÔNG CHUNG CHỦ,2.7 triệu/tháng,25 m2,"Hoài Đức, Hà Nội","PHÒNG TRỌ VÂN CANH 2TR7 – FULL NỘI THẤT – KHÔNG CHUNG CHỦChính chủ cho thuê phòng trọ ngay gần ĐH Công nghiệp, FPT, Đông Á.Giá: 2,7 triệu/tháng.Nội…",https://phongtro123.com/phong-tro-van-canh-2tr7-full-noi-that-khong-chung-chu-pr705451.html
"Thứ 2, 14:10 20/04/2026",CHÍNH CHỦ CHO THUÊ PHÒNG KHÉP KÍN MỚI XÂY – FULL NỘI THẤT TẠI CẦU GIẤY,4.5 triệu/tháng,30 m2,"Cầu Giấy, Hà Nội","- Diện tích: 30m2 (Phòng khép kín, vị trí đẹp tại tầng 6).- Địa chỉ: Ngách 3 ngõ 118 Nguyễn Khánh Toàn, Cầu Giấy (Ngõ to như phố, đi lại cực kỳ thuận…",https://phongtro123.com/phong-30m-cho-thue-thoang-du-do-dan-tri-cao-5trd-thang-118-nguyen-khanh-toan-nghia-do-ha-noi-pr705368.html
"Thứ 2, 10:23 20/04/2026",CCMN khai trương mở cho thuê 61 ngõ 100 phố Nguyễn Văn Viên (số nhà cũ 61 ngõ 120 phố vĩnh Tuy cũ),3.7 triệu/tháng,20 m2,"Hai Bà Trưng, Hà Nội","Cho thuê CC MINI số 61/100 Phố Nguyễn Văn Viên giá hời (cách Đại học KDCN 200m gần ĐHBK, ĐH MỞ HN, ĐH KINH TẾ KTCN) Mình mới xây xong ccmn 6 tầng tại số…",https://phongtro123.com/ccmn-khai-truong-mo-cho-thue-61-ngo-100-pho-nguyen-van-vien-so-nha-cu-61-ngo-120-pho-vinh-tuy-cu-pr705431.html
"Chủ Nhật, 15:54 19/04/2026","Cho thuê phòng trọ cách sân vận động Hùng Vương 1 km, Phúc trại, xã Thượng Phúc, Thường Tín 25m2",5 triệu/tháng,25 m2,"Thường Tín, Hà Nội","Dãy trọ vệ sinh khép kín, điều hòa nóng lạnh đầy đủ, đi cổng riêng không chung chủ, bếp có cửa riêng tránh mùi, rộng rãi thoáng mát vệ sinh sạch sẽ",https://phongtro123.com/cho-thue-phong-tro-cach-san-van-dong-hung-vuong-1-km-phuc-trai-xa-thuong-phuc-thuong-tin-25m2-pr705393.html
"Chủ Nhật, 13:57 19/04/2026","CCMN 35m2 view cầu Nhật Tân, full đồ tại An Dương Vương, Tây Hồ",4 triệu/tháng,35 m2,"Tây Hồ, Hà Nội","CCMN 35m2 view cầu Nhật Tân, full đồ tại An Dương Vương, Tây Hồ.Cam kết phòng chính chủ, đúng ảnh, đúng giá.Địa chỉ: Số 2 ngõ 4 An Dương Vương. (Ngay…",https://phongtro123.com/ccmn-35m2-view-cau-nhat-tan-full-do-tai-an-duong-vuong-tay-ho-pr648660.html
"Chủ Nhật, 05:05 19/04/2026","Phòng 301 khép kín giá rẻ 3,3 tr trần duy hưng, cầu giấy",3.3 triệu/tháng,25 m2,"Cầu Giấy, Hà Nội","TRẦN DUY HƯNG – CHỈ 3,3tr TRIỆU/THÁNGPhòng 301 khép kín – Nhà 37, ngõ 148 Trần Duy Hưng, Hà NộiGiá mới: 3,3 triệu/tháng – Ở 1/4!Full nội thất như hình:…",https://phongtro123.com/phong-301-khep-kin-gia-re-3-3-tr-tran-duy-hung-cau-giay-pr703926.html
"Thứ 7, 20:02 18/04/2026","CHO THUÊ PHÒNG TẠI PHÚC TÂN, PHƯỜNG PHÚC TÂN, QUẬN HOÀN KIẾM ( NAY LÀ PHƯỜNG HỒNG HÀ ), HÀ NỘI",2.3 triệu/tháng,30 m2,"Hoàn Kiếm, Hà Nội","CHO THUÊ PHÒNG TẠI PHÚC TÂN, PHƯỜNG PHÚC TÂN, QUẬN HOÀN KIẾM ( NAY LÀ PHƯỜNG HỒNG HÀ ), HÀ NỘI CHỈ HƠN 2TR* Diện tích: hơn 30m²- Gồm 2 phòng ngủ, rộng…",https://phongtro123.com/cho-thue-phong-tai-phuc-tan-phuong-phuc-tan-quan-hoan-kiem-nay-la-phuong-hong-ha-ha-noi-chi-h-pr705356.html
"Thứ 7, 19:58 18/04/2026","CHÍNH CHỦ CHO THUÊ PHÒNG TRỌ – LĨNH NAM, HOÀNG MAI, HÀ NỘI",3.2 triệu/tháng,22 m2,"Hoàng Mai, Hà Nội","CHÍNH CHỦ CHO THUÊ PHÒNG TRỌ – LĨNH NAM, HOÀNG MAI, HÀ NỘI- MIỄN QC NHA* Địa chỉ: Số nhà 8A, ngách 1/28 Thúy Lĩnh, phường Lĩnh Nam, quận Hoàng Mai, Hà Nội*…",https://phongtro123.com/chinh-chu-cho-thue-phong-tro-linh-nam-hoang-mai-ha-noi-pr705181.html
"Thứ 7, 09:37 18/04/2026","Cho thuê phòng trọ tại ngõ 2, phố Kiều Mai",2.2 triệu/tháng,16.18 m2,"Bắc Từ Liêm, Hà Nội","Cho thuê phòng trọ tại ngõ 2, phố Kiều MaiDiện tích 16.18m2Phòng sạch sẽ thoáng mát, gần bến xe buýt, gần metroGiá thuê 2.2 triệu/thángLiên hệ chính…",https://phongtro123.com/cho-thue-phong-tro-tai-ngo-2-pho-kieu-mai-2-pr705300.html
"Thứ 6, 23:53 17/04/2026",Cho thuê phòng chung cư mini chính chủ khu Cầu Giấy,3 triệu/tháng,25 m2,"Cầu Giấy, Hà Nội","Hiện có một phòng cho thuê rộng 25m2, nằm ở tầng 2 với thiết kế tiện nghi, lý tưởng cho những ai tìm kiếm một không gian sống thoải mái.Thông tin chi…",https://phongtro123.com/cho-thue-chung-cu-mini-chinh-chu-khu-cau-giay-pr705292.html
"Thứ 6, 19:53 17/04/2026","CHO THUÊ PHÒNG CCMN FULL NỘI THẤT TẠI THANH NHÀN, HAI BÀ TRƯNG, HÀ NỘI",5.2 triệu/tháng,25 m2,"Hai Bà Trưng, Hà Nội","CHO THUÊ PHÒNG CCMN FULL NỘI THẤT TẠI THANH NHÀN, HAI BÀ TRƯNG, HÀ NỘI* Diện tích: 25m2* Địa chỉ: Ngõ 281 Trần Khát Chân- Phòng mới xây tháng 3- Nội…",https://phongtro123.com/cho-thue-phong-ccmn-full-noi-that-tai-thanh-nhan-hai-ba-trung-ha-noi-pr705277.html
"Thứ 6, 19:13 17/04/2026",phòng trọ giá tốt tiện nghi trung tâm,2.5 triệu/tháng,30 m2,"Đống Đa, Hà Nội","Có phòng cho nữ thuê S: 30 m2 (có ban công), tiện nghi đầy đủ,(tắm nóng lạnh, điều hòa, máy giặt, quạt, giường tủ ...), khép kín, đi khóa về mở dân trí…",https://phongtro123.com/phong-tro-gia-tot-tien-nghi-trung-tam-pr705273.html
"Thứ 6, 19:10 17/04/2026",Khai trương phòng mới full đồ 119 Cổ Nhuế 3tr5,3.5 triệu/tháng,25 m2,"Bắc Từ Liêm, Hà Nội","Nhà mới tinh 100%Cho thuê phòng trọ ở 119 Cổ Nhuế, Bắc Từ Liêm. Thông sang Cầu Noi.Diện tích 25m2. Thang máy.Full đồ mới. Máy giặt chung.Gần Trần Cung,…",https://phongtro123.com/khai-truong-phong-moi-full-do-119-co-nhue-3tr5-pr705272.html
"Thứ 6, 15:21 17/04/2026",Cho thuê phòng trọ Đình Thôn 2.5 triệu vào ở luôn,2.5 triệu/tháng,15 m2,"Nam Từ Liêm, Hà Nội","PHÒNG ĐẸP ĐÌNH THÔN - 2,5 TRIỆU/THÁNG - VÀO Ở NGAY - VIEW CỰC CHILLCần cho thuê phòng tầng 5 (thang bộ thấp, vừa đi vừa tập thể dục cực khỏe, dáng…",https://phongtro123.com/cho-thue-phong-tro-dinh-thon-2-5-trieu-vao-o-luon-pr705243.html
"Thứ 6, 11:27 17/04/2026",367 Xuân Phương nhà mình hiện đang có phòng mới,3.5 triệu/tháng,20 m2,"Nam Từ Liêm, Hà Nội","Phòng đã có sẵn đồ cơ bản, chỉ cần xách đồ vào ởGần các trường học, đi Cầu Giấy với Mỹ Đình cũng tiệnPhù hợp sinh viên và người đi…",https://phongtro123.com/367-xuan-phuong-nha-minh-hien-dang-co-phong-moi-pr705232.html
"Thứ 6, 11:09 17/04/2026","Phòng khép kín điều hòa nóng lạnh giờ giăc tự do không chung chủ giá 2,1tr",2 đồng/tháng,16 m2,"Hoàng Mai, Hà Nội","Chính chủ cho thuê phòng khép kín 16m có đầy đủ điều hòa bình nóng lạnh máy giặt , giờ giấc đi lại tự do không chung chủ nhà sạch sec yên tĩnh, an…",https://phongtro123.com/phong-khep-kin-dieu-hoa-nong-lanh-gio-giac-tu-do-khong-chung-chu-gia-2-1tr-2-pr705026.html
"Thứ 6, 10:51 17/04/2026",Cho thuê phòng trọ (ccmini) chính chủ phố Trương Định,2.3 triệu/tháng,15 m2,"Hoàng Mai, Hà Nội","Phòng khép kín, điều hòa, tủ lạnh, nóng lạnh, intenrt, có bàn bếp, gác xép, phù hợp ở 2 người đi học (gần ĐHKTQD Bách Khoa, XD) , đi làm, điện nước an…",https://phongtro123.com/cho-thue-phong-tro-ccmini-chinh-chu-pho-truong-dinh-pr705225.html
"Thứ 6, 10:10 17/04/2026",PHÒNG FULL ĐỒ BAN CÔNG THOÁNG VỊ TRÍ ĐẸP NGAY TRUNG TÂM TRẦN CUNG - HOÀNG QUỐC VIỆT,4.5 triệu/tháng,30 m2,"Bắc Từ Liêm, Hà Nội","Ở ngay: Số 21 ngõ 238 Hoàng Quốc ViệtGiá: 4tr5Tiện ích phòng :+ Full nội thất ( Tủ lạnh, hút mùi, điều hòa, nóng lạnh,....)+ Máy giặt riêng, ban công…",https://phongtro123.com/phong-full-do-ban-cong-thoang-vi-tri-dep-ngay-trung-tam-tran-cung-hoang-quoc-viet-pr705222.html
"Thứ 6, 00:02 17/04/2026",Studio mới Nguyễn Khang oto đỗ cửa - Full nội thất từ 3.xxx,3.9 triệu/tháng,30 m2,"Cầu Giấy, Hà Nội","Studio mới Nguyễn Khang oto đỗ cửa - Full nội thất từ 3.xxx.- Gần Trần Hưng, Láng, Nguyễn Chí Thanh (Ngoại Thương, Ngoại Giao, Luật, Hành Chính, Phụ nữ . .…",https://phongtro123.com/studio-moi-nguyen-khang-oto-do-cua-full-noi-that-tu-3-xxx-pr705215.html
"Thứ 5, 21:25 16/04/2026",CHO THUÊ PHÒNG TRỌ CHUNG CƯ MINI- FUII ĐỒ- THANG MÁY- PCCC ĐẦY ĐỦ,3.5 triệu/tháng,25 m2,"Nam Từ Liêm, Hà Nội","Chính chủ thuê phòng CCMN ngõ122 Do Nha – PCCC đầy đủ - Full đồ - Thang máyGiá: 3500k️Full đồ: Tủ lạnh, máy giặt riêng, tủ bếp+ bếp, điều hòa, nóng…",https://phongtro123.com/cho-thue-phong-chung-cu-mini-fuii-do-thang-may-pccc-day-du-pr705209.html
"Thứ 5, 20:50 16/04/2026","Nhượng phòng 1n1k 2 ban công thoáng tại Phường Láng Thượng, Đống Đa, Hà Nội",7.5 triệu/tháng,40 m2,"Đống Đa, Hà Nội","Nhượng phòng 1n1k 2 ban công thoáng tại Phường Láng Thượng, Đống Đa, Hà Nội* Địa chỉ: 102/23 Pháo Đài Láng* Diện tích sử dụng : 40 m²- Nhà 7 tầng…",https://phongtro123.com/nhuong-phong-1n1k-2-ban-cong-thoang-tai-phuong-lang-thuong-dong-da-ha-noi-pr705205.html
"Thứ 5, 15:54 16/04/2026",CHÍNH CHỦ CHO THUÊ PHÒNG TRỌ 4TR - 4TR5 GẦN NEU - UNETI - ĐH MỞ,4 triệu/tháng,25 m2,"Hoàng Mai, Hà Nội","CHÍNH CHỦ CHO THUÊ PHÒNG TRỌ 4TR - 4TR5 GẦN NEU - UNETI - ĐH MỞ Địa chỉ: ngõ 197 đường Hoàng Mai - PCCC đầy đủ, vệ sinh khép kín,.. - Nội thất đầy…",https://phongtro123.com/chinh-chu-cho-thue-phong-tro-4tr-4tr5-gan-neu-uneti-dh-mo-pr705194.html
"Thứ 5, 10:31 16/04/2026","Phòng trọ giá rẻ 15m2 cho thuê tại đường Trần Khát Chân, phường Bạch Mai",2.4 triệu/tháng,15 m2,"Hai Bà Trưng, Hà Nội","Thông tin mô tả- Phòng trong khu trọ 1 tầng, diện tích 15m2, đi cổng riêng giờ giấc thoải mái, không chung chủ, đảm bảo an toàn PCCC.- Cơ sở vật chất:…",https://phongtro123.com/phong-tro-gia-re-15m2-cho-thue-tai-duong-tran-khat-chan-phuong-bach-mai-2-pr705159.html
"Thứ 4, 20:46 15/04/2026",Cho thuê phòng khép kín 22m Lạc Long Quân gần Hồ Tây,2.5 triệu/tháng,22 m2,"Tây Hồ, Hà Nội","Chính chủ cho thuê phòng khép kín 22m tầng 1THOÁNG MÁT YÊN TĨNH SẠCH SẼ, AN NINH TỐTCÓ ĐIỀU HÒA + NÓNG LẠNH + MẠNGĐIỆN NƯỚC GIÁ BÌNH DÂN CÓ NHU CẦU…",https://phongtro123.com/cho-thue-phong-khep-kin-22m-lac-long-quan-gan-ho-tay-pr705132.html
"Thứ 4, 16:44 15/04/2026",Ngõ 178 Tây Sơn- Quận: Đống Đa .Trống : 1 Phòng Qua xem là chốt cọc Lh : 0868961832,9 triệu/tháng,40 m2,"Đống Đa, Hà Nội","Nội thất : Điện 4k/kw, nước 35k/khối, Internet 100/p, dịch vụ 150k/ng( bao gồm: rác, vệ sinh chung, điện hành lang, thang máy, VSMT hàng năm...). Dịch vụ :…",https://phongtro123.com/ngo-178-tay-son-quan-dong-da-trong-1-phong-qua-xem-la-chot-coc-lh-0868961832-pr705088.html
"Thứ 4, 03:46 15/04/2026","CHO THUÊ PHÒNG NGAY THỤY KHUÊ, TÂY HỒ – CHỈ 2,7 TRIỆU/THÁNG",2.7 triệu/tháng,20 m2,"Tây Hồ, Hà Nội","PHÒNG TRỌ GIÁ RẺ – THỤY KHUÊ, TÂY HỒ 19B ngõ 530 Thụy Khuê – gần Hồ Tây, ĐH Điện Lực, Nội Vụ, Du Lịch...Tiện nghi đầy đủ: giường, tủ, đệm,…",https://phongtro123.com/phong-tro-gia-re-thuy-khue-tay-ho-chi-2-7-trieu-thang-pr690361.html
"Thứ 3, 17:16 14/04/2026",Cho thuê phòng mới xây ở Đại Linh,4 triệu/tháng,27 m2,"Nam Từ Liêm, Hà Nội","CHO THUÊ PHÒNG MỚI XÂY Ở ĐẠI LINHgiờ giấc tự doNội thất: điều hòa, nóng lạnh, giường tủ, hút mùi, tủ bếp trên dưới. Máy giặt chung, chỗ phơi…",https://phongtro123.com/cho-thue-ccmn-moi-xay-o-dai-linh-pr704887.html
"Thứ 3, 13:31 14/04/2026","phòng trọ giá rẻ, vskk, gác xép rộng",2.2 triệu/tháng,18 m2,"Hoàng Mai, Hà Nội","phòng đầy đủ dh,nl vskkCó sẵn giường, tủ quần áo 3 cánh mới, tủ lạnhPhòng tầng 2 có gác xép rộng rãi, có máy giặt chung, bệ nấu ăn, bồn…",https://phongtro123.com/phong-tro-gia-re-vskk-gac-xep-rong-pr705024.html
"Thứ 2, 18:26 13/04/2026",Phòng đẹp đi bộ ra trường Thương Mại và bến xe điện ga Lê Đức Thọ,2.4 triệu/tháng,25 m2,"Cầu Giấy, Hà Nội","Phòng đẹp đi bộ ra trường Thương Mại và bến xe điện ga Lê Đức ThọĐịa chỉ: Ngõ 60 Dương KhuêGiá phòng: phòng 2,4 tr* Tiện ích:Điều hoàNóng…",https://phongtro123.com/co-phong-cho-thue-tai-ngo-60-duong-khue-pr692771.html
"Thứ 2, 17:48 13/04/2026",CHO THUÊ PHÒNG ĐẸP STUDIO TẠI HOÀNG MAI,3.8 triệu/tháng,20 m2,"Hoàng Mai, Hà Nội","Địa chỉ : Ngõ 51 Tương MaiGiá: 3 triệu 8Mô tả : StudioDiện tích : 20m2Ngày vào: vào luônGiường, tủ quần áo, điều hoà, nóng lạnh, tủ bếp, Tủ…",https://phongtro123.com/cho-thue-phong-dep-studio-tai-hoang-mai-pr704963.html
"Thứ 2, 16:49 13/04/2026",CHO THUÊ PHÒNG ĐẸP 1 NGỦ 1 KHÁCH TẠI ĐỐNG ĐA,5.3 triệu/tháng,25 m2,"Đống Đa, Hà Nội","Địa chỉ: Ngõ 91 Ô Đồng Lầm, Đống Đa, Hà NộiCăn: 5tr5 1 ngủ 1 khách / 5tr3 studioNgày vào: vào luônDiện tích: 25m2Nội thất: Giường, tủ quần áo,…",https://phongtro123.com/cho-thue-phong-dep-1-ngu-1-khach-tai-dong-da-pr704954.html
"Thứ 2, 16:33 13/04/2026",CHO THUÊ PHÒNG ĐẸP Ở MỸ ĐÌNH !,3.6 triệu/tháng,25 m2,"Nam Từ Liêm, Hà Nội","CCMN - NGÕ 322 MỸ ĐÌNH , NAM TỪ LIÊM , HÀ NỘIMô tả : StudioDiện tích :20- 25m2Tiện ích vượt trội:- Nội thất full, chỉ việc xách vali vào ở ngay-…",https://phongtro123.com/cho-thue-phong-dep-o-my-dinh-pr704951.html
"Thứ 2, 13:48 13/04/2026","Cho thuê phòng trọ khu vực nhổn, quận Bắc Từ Liêm, Hn",3 triệu/tháng,25 m2,"Bắc Từ Liêm, Hà Nội","nhà M có gần 10 phòng cho thuê, ngõ 52 và 68 phố nhổn đều vào được, full nội thất, điều hoà, máy giặt, tủ, bếp điện... chỉ cần vác người đến…",https://phongtro123.com/cho-thue-phong-tro-khu-vuc-nhon-pr704941.html
"Thứ 2, 13:26 13/04/2026","PHÒNG CÁCH 1KM RA BẾN XE MỸ ĐÌNH - NHẬN XE ĐIỆN, NUÔI PET, PHÒNG MỚI - FULL ĐIỆN TỬ",3.5 triệu/tháng,20 m2,"Nam Từ Liêm, Hà Nội","CÁCH 1KM RA BẾN XE MỸ ĐÌNH - NHẬN XE ĐIỆN, NUÔI PET, PHÒNG MỚI - FULL ĐIỆN TỬTiện ích đầy đủ, nội thất bóc temgiá từ 3tr5 - 3tr8Phòng y ảnh",https://phongtro123.com/cach-1km-ra-ben-xe-my-dinh-3-trieu-8-phong-nhan-xe-dien-nuoi-pet-phong-moi-full-dien-tu-pr704936.html
"Thứ 2, 10:44 13/04/2026",Chính chủ cho thuê từng phòng hoặc cả nhà,3 triệu/tháng,36 m2,"Hà Đông, Hà Nội",1. Nhà gần các trường Đại học:- Cách Học viện an ninh: 600m; Học viện y học cổ truyền Tuệ Tĩnh: 600m; Đại học Kiến Trúc: 800m; Học viện Bưu chính…,https://phongtro123.com/chinh-chu-cho-thue-ca-nha-hoac-tung-phong-pr704927.html
"Thứ 2, 08:23 13/04/2026","Chính chủ cho thuê phòng trọ tại Số 30, Ngõ 7 Nhật Tảo, Phường Phú Thượng, Hà Nội (GẦN CIPUTRA)",3.6 triệu/tháng,20 m2,"Bắc Từ Liêm, Hà Nội","Địa chỉ: Số 30, Ngõ 7 Nhật Tảo, Phường Phú Thượng, Hà Nội (GẦN CIPUTRA) Giá thuê: 3.600.000 – 4.300.000 VNĐ/tháng* Nội thất đầy đủ:•Giường, tủ…",https://phongtro123.com/chinh-chu-cho-thue-phong-tro-tai-so-30-ngo-7-nhat-tao-phuong-phu-thuong-ha-noi-gan-ciputra-pr704908.html
"Chủ Nhật, 10:44 12/04/2026",Nhà riêng 40m2 khép kín tại Văn Quán-Không chung chủ-Giá cực tốt 2.3tr/tháng,2.3 triệu/tháng,40 m2,"Hà Đông, Hà Nội","Chào các bạn, mình là chính chủ cần cho thuê căn nhà khép kín, kiên cố và riêng tư tại Đường 19/5 Văn Quán. Rất phù hợp cho các bạn sinh viên ở ghép, hộ…",https://phongtro123.com/nha-rieng-40m2-khep-kin-tai-van-quan-khong-chung-chu-gia-cuc-tot-2-5tr-thang-pr704861.html
"Thứ 7, 20:30 11/04/2026","Cho thuê phòng trọ tại 215 trần quốc hoàn,",2 triệu/tháng,20 m2,"Cầu Giấy, Hà Nội","Cho thuê phòng trọ tại ngõ 215 trần quốc hoàn, cổng sau ĐH SPNN,. Không chung chủ, vệ sinh chung, phòng đồ cơ bản ở tầng 2, có quạt, có cửa sổ.Nóng…",https://phongtro123.com/cho-thue-phong-tro-tai-215-tran-quoc-hoan-pr704844.html
"Thứ 7, 10:33 11/04/2026","Cho thuê phòng khép kín 1.3 triệu 18m2, 99/1 Đức Giang, cuối bus 42",1.3 triệu/tháng,18 m2,"Long Biên, Hà Nội","Cho thuê 1 phòng khép kín 18m2, 99/1 Đức Giang, cuối trạm bus 421.3 triệu/tháng, điện nước rẻ, chính chủkhu dân cư an ninh, gần cầu Đông Trù, gần chợ…",https://phongtro123.com/cho-thue-phong-khep-kin-1-2-trieu-18m2-99-1-duc-giang-cuoi-bus-42-2-pr704793.html
"Thứ 6, 15:02 10/04/2026","PHÒNG TRỌ - 3TR GÁC XẾP CỰC ĐẸP - GIÁ RẺ - KHÉP KÍN TẠI 35 NGÔ THÌ SỸ, VẠN PHÚC, HÀ ĐÔNG",3.05 triệu/tháng,20 m2,"Hà Đông, Hà Nội","Đc: Ngõ 35 Ngô Thì Sỹ, Vạn Phúc, Hà Đông.Gần: chợ Hà Đông, Bưu điện Hà Đông, đường Thanh Bình, phố Tố Hữu….Dễ dàng di chuyển ra đường Thanh…",https://phongtro123.com/gac-xep-cuc-dep-gia-re-khep-kin-tai-ngo-thi-sy-van-phuc-ha-dong-o-ngay-duoc-luon-pr688476.html
"Thứ 5, 21:23 09/04/2026",Cho thuê phòng khép kín 22m Lạc Long Quân Tây Hồ,2.5 triệu/tháng,22 m2,"Tây Hồ, Hà Nội",Chính chủ cho thuê phòng khép kín 22mĐiện Nước giá bình dân có internet gác xép để đồNhà sạch sẽ thoáng mát Yên tĩnhCó Điều Hòa + Nóng LạnhĐịa…,https://phongtro123.com/cho-thue-phong-khep-kin-22m-lac-long-quan-tay-ho-pr704691.html
"Thứ 4, 20:51 08/04/2026","Cho thuê phòng trọ 2,2 tr giá rẻ ,thụy khuê, Tây hồ",2.2 triệu/tháng,18 m2,"Tây Hồ, Hà Nội","PHÒNG TRỌ 2,2 tr GIÁ RẺ – THỤY KHUÊ, TÂY HỒ 19B ngõ 530 Thụy Khuê – gần Hồ Tây, ĐH Điện Lực, Nội Vụ, Du Lịch...Tiện nghi đầy đủ: giường, tủ,…",https://phongtro123.com/cho-thue-phong-tro-2-2-tr-gia-re-thuy-khue-tay-ho-pr691050.html
"Thứ 4, 20:51 08/04/2026","CHO THUÊ PHÒNG TRỌ, NHÀ TRỌ ĐƯỜNG TRỊNH VĂN BÔ22 PHÒNG MỚI TINH, KHÉP KÍN, THANG MÁY,FULL",3.2 triệu/tháng,22 m2,"Nam Từ Liêm, Hà Nội","CHO THUÊ PHÒNG TRỌ, NHÀ TRỌKHAI TRƯƠNG TOÀ NHÀ CHUNG CƯ MINI MỚI TINH TRỊNH VĂN BÔ22 PHÒNG MỚI TINH, KHÉP KÍN, THANG MÁY,FULL ĐỒ Hh: 50% ACE ghép khách luôn…",https://phongtro123.com/cho-thue-phong-tro-nha-tro-duong-trinh-van-bo-22-phong-moi-tinh-khep-kin-thang-may-full-pr673798.html
"Thứ 4, 09:26 08/04/2026","Cho thuê nhà 32D Cửa Bắc, phương Trúc Bạch",6 triệu/tháng,22 m2,"Ba Đình, Hà Nội","Nhà chính chủ ,Tầng 3 áp mái, diên tich 22 m2Phòng khách có bàn ghê salon đẹp, gường ngủ đôi, tầng gác lửng rồng rãi đừng thoai mái 20 m2, nội thấp có 2…",https://phongtro123.com/cho-thue-nha-320-cua-bac-phuong-truc-bach-pr704442.html
"Thứ 4, 08:42 08/04/2026",Thuê phòng trọ trung tâm Hà Nội khu vực Phú Đô,5 triệu/tháng,35 m2,"Nam Từ Liêm, Hà Nội","Nhà mới thang máy. PCCC hiện đại đầy đủ. Vị trí trung tâm, gần Sân vận động Mỹ Đình, gần bệnh viện Hồng NgọcNgõ rộng oto tải vào nhàPhòng…",https://phongtro123.com/thue-phong-tro-trung-tam-ha-noi-khu-vuc-phu-do-pr704387.html
"Thứ 4, 08:42 08/04/2026","Nhà mới khai trương – Trung Liệt, Đống Đa",5.3 triệu/tháng,28 m2,"Đống Đa, Hà Nội","Địa chỉ: Số 31 ngõ 136 phố Trung Liệt.Nhà mới khai trương, phòng mới tinh.Dạng studio full nội thất:Có sẵn điều hoà, nóng lạnh, tủ lạnh, tủ…",https://phongtro123.com/nha-moi-khai-truong-trung-liet-dong-da-pr704388.html
"Thứ 4, 08:30 08/04/2026",Cho thuê phòng trọ nhà mới xây,3.2 triệu/tháng,25 m2,"Hoàng Mai, Hà Nội",Địa chỉ: Số nhà 12 Ngõ 288/5 Đường Hoàng Mai (Gần hồ Đền Lừ).Giá: 3.200.000 VNĐ/tháng.Phòng ở: Diện tích 18m² + Ban công riêng 7m² siêu thoáng.Tiện…,https://phongtro123.com/cho-thue-phong-tro-nha-moi-xay-3-pr703602.html
"Thứ 4, 07:25 08/04/2026",CHINH CHỦ CHO THUÊ NHÀ QUANG TIẾN- TÂY MỖ- Nam Từ Liêm,4.5 triệu/tháng,30 m2,"Nam Từ Liêm, Hà Nội","Nhà mới xây: Chính chủ cho thuê căn hộ studio / 1K1N (28–30m²) – thiết kế hiện đại, full nội thất, vào ở ngay: Giường, tủ quần áo, bàn trang điểm…",https://phongtro123.com/chinh-chu-cho-thue-nha-quang-tien-tay-mo-pr704537.html
"Thứ 4, 04:41 08/04/2026","Chờ thuê phòng khép kín, có gác xép",1.7 triệu/tháng,20 m2,"Hoàng Mai, Hà Nội","Chờ thuê phòng khép kín diện tích 20m2, có gách xép. Chõ để xe riêng. Phòng thoáng mát. Gần chợ, trường học. Giá thuê 1,5-1,7 triệu.",https://phongtro123.com/cho-thue-phong-tro-khep-kin-co-gac-xep-gia-1-5-trieu-pr686634.html
"Thứ 4, 02:31 08/04/2026","Phòng trọ thuê giá tốt khu Cầu Giấy, HN",3.8 triệu/tháng,42 m2,"Cầu Giấy, Hà Nội","Cho thuê 1 tầng có 2 phòng trọ cùng diện tích 17m2 chung nhà vệ sinh, một phòng thoáng có ban công, phòng còn lại chưa có ban côngĐiện: 4000/1sốNước: 100k/1ng",https://phongtro123.com/phong-tro-thue-gia-tot-khu-cau-giay-pr704536.html
"Thứ 3, 11:54 07/04/2026",Cho thuê phòng đủ đồ - PCCC cạnh Vinhomes Gardenia - giảm giá cho sinh viên,3.8 triệu/tháng,27 m2,"Nam Từ Liêm, Hà Nội","* Địa chỉ: ngõ 63 Nguyễn Văn Giáp, Cầu Diễn, Nam Từ Liêm, Hà Nội, cạnh Vinhomes Gardenia* Tiện ích:- Thang máy hiện đại tốc độ cao (có thang bộ),…",https://phongtro123.com/cho-thue-phong-du-do-ngo-63-nguyen-van-giap-ham-nghi-vinhomes-gardenia-2-pr704465.html
"Thứ 3, 11:48 07/04/2026",Cho thuê phòng đủ đồ ngõ 63 Nguyễn Văn Giáp - Hàm Nghi - Vinhomes Gardenia,4.5 triệu/tháng,28 m2,"Nam Từ Liêm, Hà Nội","PHÒNG FULL ĐỒ – NGUYỄN VĂN GIÁP, NAM TỪ LIÊM  3.7 triệu/tháng | 27m²Ngõ 63, cạnh Vinhomes Gardenia* Ở tiện – ở sướngPhòng khép kín, sạch,…",https://phongtro123.com/cho-thue-phong-du-do-ngo-63-nguyen-van-giap-ham-nghi-vinhomes-gardenia-3-pr704467.html
"Thứ 3, 10:16 07/04/2026",Cho thuê phòng khu TĐC X2A Yên Sở,3.3 triệu/tháng,35 m2,"Hoàng Mai, Hà Nội","Chính chủ cho thuê tầng 2 (chỉ có 01 phòng) trong khu nhà 5 tầng khu TĐC X2A Yên Sở.Diện tích 35m2, điện 4k /số, nước 100k/ người.Tầng 1 có khu để xe và…",https://phongtro123.com/cho-thue-phong-khu-tdc-x2a-yen-so-2-pr704452.html
"Thứ 3, 09:40 07/04/2026",Cho thuê phòng Phú Đô – Giá chỉ 4 TRIỆU/THÁNG,4 triệu/tháng,25 m2,"Nam Từ Liêm, Hà Nội","Cho thuê phòng Phú Đô – Giá chỉ 4 TRIỆU/THÁNGPhòng sạch sẽ, dễ ở – giá tốt hiếm có tại Phú Đô.Ai đang tìm phòng ở ổn định, chi phí rõ ràng thì…",https://phongtro123.com/cho-thue-phong-phu-do-gia-chi-4-trieu-thang-pr704445.html
"Thứ 3, 08:51 07/04/2026",Phòng đẹp Phú Đô 4tr/tháng – Gần SVĐ Mỹ Đình,4 triệu/tháng,25 m2,"Nam Từ Liêm, Hà Nội",CHO THUÊ PHÒNG TRỌ PHÚ ĐÔ – GIÁ 4 TRIỆU/THÁNGĐịa chỉ: Phú Đô – Nam Từ Liêm – Hà NộiGiá thuê: 4.000.000đ/thángCọc: 1 thángLoại phòng: Phòng khép…,https://phongtro123.com/phong-dep-phu-do-4tr-thang-gan-svd-my-dinh-pr704440.html
"Thứ 3, 07:37 07/04/2026",Phòng đẹp tại ngõ Gốc Đề – Minh Khai – ở ngay,2.8 triệu/tháng,18 m2,"Hoàng Mai, Hà Nội","Cho thuê phòng tại Số 11 ngách 15/10 Ngõ Gốc Đề, Minh Khai, Hà Nội Diện tích: 18m2 – 20m2 Phòng khép kín đầy đủ: Vệ sinh riêng, chậu rửa, bàn…",https://phongtro123.com/phong-dep-tai-ngo-goc-de-minh-khai-o-ngay-pr702894.html
"Thứ 2, 16:32 06/04/2026","Cho thuê phòng trọ tại Yên Xá, 3,2 triệu, 22 m2, nội thất đầy đủ, giá cực chất",3.2 triệu/tháng,22 m2,"Thanh Trì, Hà Nội","Phòng trọ cho thuê tại Đường Yên Xá, Phường Thanh Liệt, Hà Nội (địa chỉ cũ: Huyện Thanh Trì, Hà Nội) với diện tích 22 m2, nội thất đầy đủ, rất phù…",https://phongtro123.com/cho-thue-phong-tro-tai-yen-xa-3-2-trieu-22-m2-noi-that-day-du-gia-cuc-chat-pr704419.html
"Thứ 2, 14:48 06/04/2026","Cho thuê phòng- 2,8trieu, phố Phan Đình Giót, đủ nội thất cơ bản",2.8 triệu/tháng,20 m2,"Thanh Xuân, Hà Nội","Cho thuê phòng- 2,8trieu, phố Phan Đình Giót, đủ nội thất cơ bản- có thang máy, khép kín, riêng biệt, đi khóa về mở, ko liên quan chủ nhà. - phòng có…",https://phongtro123.com/cho-thue-phong-2-8trieu-pho-phan-dinh-giot-du-noi-that-co-ban-pr704319.html
"Thứ 2, 10:28 06/04/2026","6/11/22 ĐẶNG VĂN NGỮ, KIM LIÊN (ĐỐNG ĐA) - mình là chủ nhà lun ạ #4tr7",4.7 triệu/tháng,20 m2,"Đống Đa, Hà Nội","Cạnh Circle K 91 Nam Đồng, hồ Xã Đàn20m2: giường, kệ, tủ, điều hoà, quạt, bàn ghế làm việcBếp chung 2 phòng: tủ lạnh, lò vi sóng, lò nướng, bếp…",https://phongtro123.com/6-11-22-dang-van-ngu-kim-lien-dong-da-minh-la-chu-nha-lun-a-4tr7-pr704312.html
"Thứ 2, 09:33 06/04/2026","CHO THUÊ PHÒNG TRỌ TẠI 95 TÂN PHONG, BẮC TỪ LIÊM, HÀ NỘI",2.1 triệu/tháng,25 m2,"Bắc Từ Liêm, Hà Nội","Phòng rộng 25m2 khép kín, có khu bếp - Để xe tầng 1 miễn phí- Cửa sổ rộng thoáng- Mặt đường Tân Phong, ô tô đi lại, thuận tiện đi lại- Gần…",https://phongtro123.com/cho-thue-phong-tro-tai-95-tan-phong-bac-tu-liem-ha-noi-2-pr704382.html
"Thứ 7, 16:10 04/04/2026","BA LA 2 NGỦ FULL ĐỒ, OTO ĐỖ CỬA, CÁCH ĐẠI NAM 500M, VÀO Ở ĐƯỢC LUÔN",4 triệu/tháng,25 m2,"Hà Đông, Hà Nội","Nhanh tay! Căn phòng trọ tại Đường Ba La, Phường Phú Lương, Hà Nội (cũ: Quận Hà Đông, Hà Nội) với diện tích 25m2, thiết kế 1PN + 1WC/PT + bếp, thích hợp…",https://phongtro123.com/ba-la-2-ngu-full-do-oto-do-cua-cach-dai-nam-500m-vao-o-duoc-luon-pr704311.html
"Thứ 7, 16:05 04/04/2026","Cho thuê phòng tại Yên Nghĩa, 4,2 triệu 30 m2, đầy đủ nội thất, oto đỗ cửa",4.2 triệu/tháng,30 m2,"Hà Đông, Hà Nội","Nhanh tay! Căn phòng trọ nằm tại Phường Yên Nghĩa, Hà Nội (Quận Hà Đông, Hà Nội cũ) với diện tích 30m2, gồm 1 phòng ngủ và 1 phòng tắm, thích hợp cho nhu…",https://phongtro123.com/cho-thue-phong-tai-yen-nghia-4-2-trieu-30-m2-day-du-noi-that-oto-do-cua-pr704310.html
"Thứ 7, 16:03 04/04/2026","Ngã tư Vạn Phúc 1n1k full đồ, cách 500m, gần Phenikaa, CMC, vào ở được luôn",3.8 triệu/tháng,30 m2,"Hà Đông, Hà Nội","Nhanh tay sở hữu phòng trọ tiện nghi tại Phường Hà Đông, Hà Nội (cũ: Quận Hà Đông, Hà Nội). Phòng có đầy đủ nội thất, diện tích 30m2, phù hợp cho…",https://phongtro123.com/nga-tu-van-phuc-1n1k-full-do-cach-500m-gan-phenikaa-cmc-vao-o-duoc-luon-pr704309.html
"Thứ 7, 15:49 04/04/2026","58 THANH BÌNH STUDIO FULL ĐỒ, NGAY PTIT, KIẾN TRÚC, GIÁ TỪ 5TR",5 triệu/tháng,30 m2,"Hà Đông, Hà Nội","Nhà trọ cho thuê tại Đường Thanh Bình, Phường Hà Đông, Hà Nội - Quận Hà Đông, Hà Nội cũ với diện tích 30m2. Bất động sản này có 1PN + 1WC/PT + bếp,…",https://phongtro123.com/58-thanh-binh-studio-full-do-ngay-ptit-kien-truc-gia-tu-5tr-pr704307.html
"Thứ 7, 15:37 04/04/2026","20 Phan Đình Giót, p La Khê, gác xép full đồ, ngay ga Hà Đông, Văn Phú",4.5 triệu/tháng,25 m2,"Hà Đông, Hà Nội","Đường Phan Đình Giót, Phường Hà Đông, Hà Nội (địa chỉ cũ: Quận Hà Đông, Hà Nội) là một phòng trọ lý tưởng với diện tích 25m2, được thiết kế…",https://phongtro123.com/20-phan-dinh-giot-p-la-khe-gac-xep-full-do-ngay-ga-ha-dong-van-phu-pr704302.html
"Thứ 7, 15:20 04/04/2026","39 YÊN XÁ STUDIO FULL ĐỒ, NGAY BỆNH VIỆN 103, BỎNG, K TÂN TRIỀU, HỒ VĂN QUÁN",3.4 triệu/tháng,25 m2,"Thanh Trì, Hà Nội","Nhà trọ cho thuê Đường Yên Xá, Phường Thanh Liệt, Hà Nội - Huyện Thanh Trì, Hà Nội cũ với diện tích 25m2, 1PN, 1WC, nội thất đầy đủ, giá 3,4 triệu…",https://phongtro123.com/39-yen-xa-studio-full-do-ngay-benh-vien-103-bong-k-tan-trieu-ho-van-quan-pr704298.html
"Thứ 7, 09:36 04/04/2026",Phòng trọ thoang- co ban cong- an ninh- an toan - gan trung tam,3.9 triệu/tháng,31 m2,"Long Biên, Hà Nội","Chính chủ còn 01 phòng như hình 3.7tr: 1 vệ sinh khép kín, có ban công, thoáng mát, sạch sẽ... đầy đủ tiện nghi cơ bản (máy giặt riêng, bếp, điều hoà, bình…",https://phongtro123.com/phong-tro-thoang-co-ban-cong-an-ninh-an-toan-gan-trung-tam-pr702585.html
"Thứ 7, 07:55 04/04/2026","Nhượng lại phòng trọ do có việc phải chuyển đi - đ/c 56 Phố Hồng Mai, Quận Hai Bà Trưng",3 triệu/tháng,29 m2,"Hai Bà Trưng, Hà Nội","Nhượng lại phòng trọ do mình có việc không ở nữaĐ/C: 56 Phố Hồng Mai, Phường Bạch Mai, Quận Hai Bà Trưng, Hà NộiGiá: 3trLiên hệ mình để trao đổi…",https://phongtro123.com/tim-nguoi-nhuong-lai-tro-do-co-viec-phai-chuyen-di-pr704169.html
"Thứ 6, 21:35 03/04/2026",CHO THUÊ NGUYÊN TẦNG KHÉP KÍN – FULL NỘI THẤT – CHỈ VIỆC XÁCH VALI Ở,5.1 triệu/tháng,53 m2,"Long Biên, Hà Nội","5/63/158 Nguyễn Văn Cừ, Bồ Đề, Long Biên, Hà NộiBạn đang tìm một nơi riêng tư – sạch sẽ – an toàn – tiện nghi? Căn phòng nguyên tầng này sẽ khiến…",https://phongtro123.com/cho-thue-nguyen-tang-khep-kin-full-noi-that-chi-viec-xach-vali-o-pr704253.html
"Thứ 6, 19:54 03/04/2026","CHO THUÊ 1N1K 25m2 TẠI HỒ TÙNG MẬU, CẦU DIỄN, HÀ NỘI - TẶNG 500K",4.2 triệu/tháng,25 m2,"Nam Từ Liêm, Hà Nội","CHO THUÊ 1N1K 25m2 TẠI HỒ TÙNG MẬU, CẦU DIỄN, HÀ NỘI- TẶNG 500K* Địa chỉ 35 ngách 41 ngõ 199 đường Hồ Tùng Mậu- Phòng sạch sẽ, thoáng mát, ở rất…",https://phongtro123.com/cho-thue-can-1n1k-25m2-tai-ho-tung-mau-cau-dien-ha-noi-tang-500k-pr704249.html
"Thứ 6, 17:01 03/04/2026",PHÒNG CHO THUÊ SIÊU RỘNG – NHÀ TO NHƯ CUNG ĐIỆN,3.5 triệu/tháng,44 m2,"Long Biên, Hà Nội","Chủ nhà siêu nhiệt tình, hỗ trợ tận tâm từ A–Z!Bạn đang tìm một nơi vừa đẹp – vừa thoáng – vừa sang?Đây chính là “chân ái” của bạn:…",https://phongtro123.com/phong-cho-thue-sieu-rong-nha-to-nhu-cung-dien-pr704237.html
"Thứ 6, 15:23 03/04/2026","Cho thuê phòng trọ Đa Sĩ, Kiến Hưng, Hà Đông",2.5 triệu/tháng,20 m2,"Hà Đông, Hà Nội","Cho thuê phòng Đa Sĩ, Kiến Hưng- DT: 20m2 có gác xép- Công trình phụ khép kín, điều hoà, nóng lạnh, chỗ để xe, mặt trước có sân thoáng rộng- Không…",https://phongtro123.com/cho-thue-phong-tro-da-si-kien-hung-ha-dong-pr679432.html
"Thứ 6, 14:37 03/04/2026","Cho thuê phòng full đồ chỉ 3,0tr trong CCMN ở Phố Xốm",3 triệu/tháng,18 m2,"Hà Đông, Hà Nội","Chỉ 3,0tr có ngay phòng trọ studio như video. Full đồ. Chỉ cần xách vali đến ở. + Gần ĐH Đại Nam, Điện lực, Chợ Xốm.+ Có thang máy, ban công riêng, khóa…",https://phongtro123.com/cho-thue-phong-full-do-chi-3-2tr-trong-ccmn-o-pho-xom-pr703039.html
"Thứ 6, 11:28 03/04/2026","Địa chỉ: Tầng 1, số 18 ngõ 21 phố Tưởng Dân Bảo (trước: số 18 ngách 168/21 Nguyễn Xiển)",2.5 triệu/tháng,19 m2,"Thanh Xuân, Hà Nội","Địa chỉ: Tầng 1, số 18 ngõ 21 phố Tưởng Dân Bảo (trước: số 18 ngách 168/21 Nguyễn Xiển) Giá thuê: 2.x00.000đ/tháng (có thể thương lượng – chủ nhà…",https://phongtro123.com/dia-chi-tang-1-so-18-ngo-21-pho-tuong-dan-bao-truoc-so-18-ngach-168-21-nguyen-xien-pr704200.html
"Thứ 6, 11:25 03/04/2026",Cho thuê phòng trọ khu vực cầu Diễn ở được luôn ạ,3.1 triệu/tháng,22 m2,"Nam Từ Liêm, Hà Nội",Ngõ 132/12 Cầu Diễn - gần sân bóng Ngoạ Long⏰ ở được luôn ạ Giá phòng: 3tr1,https://phongtro123.com/cho-thue-phong-tro-khu-vuc-cau-dien-o-duoc-luon-a-pr704182.html
"Thứ 6, 11:01 03/04/2026","Phòng trọ ngõ 43 Chùa Bộc 25m2, cửa sổ lớn thoáng, full đồ đạc",5.2 triệu/tháng,23 m2,"Đống Đa, Hà Nội","PHÒNG FULL ĐỒ ngõ 43 CHÙA BỘC GIÁ TỐT TRONG THÁNG Phòng khoảng 25m², sạch sẽ, thoáng mát, cửa sổ lớn Nội thất đầy đủ: điều hòa, nóng lạnh, tủ…",https://phongtro123.com/phong-tro-ngo-43-chua-boc-25m2-cua-so-lon-thoang-full-do-dac-pr704193.html
"Thứ 5, 22:05 02/04/2026",Chính chủ mời thuê phòng tại Thụy Phương - Bắc Từ Liêm,4.4 triệu/tháng,35 m2,"Bắc Từ Liêm, Hà Nội","Chính Chủ Mời Bạn Đến Xem Và Thuê Phòng Hoàn Toàn Miễn Phí, Không Trung Gian, Gặp Trực Tiếp Chủ Nhà!- Diện tích 35m2, 1n 1k- Cách đh Mỏ, Tài Chính, Y tế…",https://phongtro123.com/chinh-chu-moi-thue-ccmn-tai-thuy-phuong-bac-tu-liem-pr704173.html
"Thứ 5, 21:54 02/04/2026","Cho thuê phòng khép kín Full nội thất, ban công thoáng",5.8 triệu/tháng,27 m2,"Ba Đình, Hà Nội","Cho thuê căn hộ khép kín, ban công thoángĐịa chỉ: 266 Đường Đội Cấn, Phường Ngọc Hà, Quận Ba Đình, Hà NộiFull nội thất: tủ lạnh, máy giặt,…",https://phongtro123.com/cho-thue-can-ho-khep-kin-full-noi-that-ban-cong-thoang-pr704172.html
"Thứ 5, 09:32 02/04/2026",CHÍNH CHỦ CHO THUÊ PHÒNG TRỌ 27M2 3TR2,3.2 triệu/tháng,27 m2,"Bắc Từ Liêm, Hà Nội","Nhà mình có phòng cho thuê vào ở được luônPhòng rộng 27m2, phòng y hìnhGiá: 3tr2ĐỊA CHỈ : Ngõ 75, Đức Diễn, Phúc Diễn, Hà Nội• Wifi phủ sóng cả…",https://phongtro123.com/chinh-chu-cho-thue-phong-tro-27m2-3tr2-2-pr704096.html
"Thứ 5, 08:18 02/04/2026","Cho thuê phòng khép kín, full nội thất, thang máy, máy giặt, cửa vân tay, cửa sổ ban công thoáng",4.8 triệu/tháng,25 m2,"Bắc Từ Liêm, Hà Nội","CHO THUÊ PHÒNG CHUNG CƯ MINI – FULL NỘI THẤT – CÓ THANG MÁYCho thuê CCMN - tại ngõ 117/15 trần cung #4.8trHệ thống PCCC đạt tiêu chuẩn , giờ giấc tự do ,…",https://phongtro123.com/cho-thue-phong-ccmn-khep-kin-full-noi-that-thang-may-may-giat-cua-van-tay-full-cua-so-pr702679.html
"Thứ 4, 00:08 01/04/2026",cho thuê phòng trọ giá rẻ tại đại mỗ,3 triệu/tháng,30 m2,"Nam Từ Liêm, Hà Nội","Cần cho thuê phòng tầng 3 tại ngã 4 vạn phúc nội thất đầy đủ như hình bao gồm giường tủ điều hòa, vệ sinh chung cùng 1 phòng. Ở tối đa 2 người, giữ…",https://phongtro123.com/cho-thue-phong-tro-gia-re-tai-dai-mo-pr703508.html
"Thứ 3, 19:54 31/03/2026","Cho thuê phòng Kiều Mai, Bắc Từ Liêm cách Metro Phú Diễn 300m",3.2 triệu/tháng,20 m2,"Bắc Từ Liêm, Hà Nội","Cho thuê phòng, Địa chỉ: Kiều Mai, Bắc Từ Liêm (cách Metro Phú Diễn 300m, FPT 1.5km, UET 0,7km)Giao thông thuận tiện, đường quy hoạch 7m.Diện tích phòng từ…",https://phongtro123.com/cho-thue-phong-kieu-mai-bac-tu-liem-cach-metro-phu-dien-300m-pr704008.html
"Thứ 3, 13:53 31/03/2026","Cho thuê phòng trọ Lê Quang Đạo, Mỹ Đình, Phú Đô",3.7 triệu/tháng,20 m2,"Nam Từ Liêm, Hà Nội","Cho thuê phòng trọ Lê Quang Đạo, Mỹ Đình.Nhà 6 ngách 115 ngõ 8 lê quang đạo.Phòng giá 3,7- 3,9 tr (ở luôn).Nội thất: Giường tủ, đệm, điều hòa nóng…",https://phongtro123.com/cho-thue-phong-tro-le-quang-dao-my-dinh-phu-do-pr690315.html
"Thứ 3, 10:26 31/03/2026","Cho nữ thuê phòng 12m2 tầng 3 tại 51 ngõ 7 Nguyên Hồng 1,8 triệu",1.8 triệu/tháng,12 m2,"Ba Đình, Hà Nội","Cho bạn nữ thuê phòng tầng 3 khoảng 12m2 có ban công, điều hoà, giường, bàn viết.Có thể ở được tới 2 người.Vệ sinh chung với 1 phòng bên, có nóng…",https://phongtro123.com/cho-nu-thue-phong-12m2-tang-3-tai-51-ngo-7-nguyen-hong-pr703973.html
"Thứ 2, 22:30 30/03/2026",Chính chủ cho thuê phòng khép kín full đồ nhà mới đẹp ban công thoáng mát giá chỉ từ 4.3 triệu,4.2 triệu/tháng,17 m2,"Thanh Xuân, Hà Nội","Nhà mới xây, nội thất bóc temĐịa chỉ : ngõ 109 hoặc 145 Quan Nhân2 mẫu căn: Studio và Giường 2 tầngVào ở luôn tối đa 2 người / phòngNhà 6 tầng…",https://phongtro123.com/chinh-chu-cho-thue-can-ho-mini-khep-kin-full-do-nha-moi-dep-ban-cong-thoang-mat-gia-chi-tu-4-3-trieu-pr703939.html
"Thứ 2, 12:41 30/03/2026","CHO THUÊ PHÒNG TRỌ – TIỆN NGHI, AN NINH, GIÁ TỐT",3.5 triệu/tháng,20 m2,"Hoàng Mai, Hà Nội","Bạn đang tìm một nơi ở yên tĩnh – an toàn – tiện nghi giữa lòng Hà Nội? Đây chính là lựa chọn phù hợp dành cho bạn! Thông tin phòng:Phòng khép kín,…",https://phongtro123.com/cho-thue-phong-tro-tien-nghi-an-ninh-gia-tot-pr703920.html
"Thứ 2, 11:38 30/03/2026",GÓC NHƯỢNG PHÒNG GẤPMình chuẩn bị học xong nên cần pass lại phòng gấp,3.5 triệu/tháng,0000 m2,"Hoàng Mai, Hà Nội","- Giá phòng: 3tr5/tháng- Cọc mk hỗ trợ 200k nếu vào ở ngay. Tháng 4 có thể vào ở luôn.- Phòng rộng rãi, thoáng mát- Có chỗ để xe thoải mái- Điện…",https://phongtro123.com/goc-nhuong-phong-gap-minh-chuan-bi-hoc-xong-nen-can-pass-lai-phong-gap-pr703912.html
"Thứ 2, 08:39 30/03/2026","Phòng Ngõ 241 Yên Xá Cuối Đường Chiến Thắng, Đủ Đồ Phòng Sạch Vệ Sinh Khép Kín",2.8 triệu/tháng,15 m2,"Hà Đông, Hà Nội",Mình có phòng như hình vào ở được luôn nhé. Địa Chỉ: ngõ 241 Yên Xá (cuối đường Chiến Thắng) ngõ nông rộng ô tô tránh. Tiện ích xung quanh đủ cả.-…,https://phongtro123.com/phong-ngo-241-yen-xa-cuoi-duong-chien-thang-du-do-phong-sach-ve-sinh-khep-kin-pr703887.html
"Thứ 2, 00:14 30/03/2026","CHỈ 6,8TR - VỪA Ở VỪA KINH DOANH – LÔ GÓC HIẾM TẠI VẠN PHÚC, HÀ ĐÔNG",6.8 triệu/tháng,30 m2,"Hà Đông, Hà Nội",Bạn đang tìm một mặt bằng vừa kinh doanh tốt – vừa ở lại tiện lợi? Đây chính là lựa chọn cực kỳ đáng tiền!Thông tin nổi bật:• Diện tích:…,https://phongtro123.com/chi-6-8tr-mat-bang-vua-o-vua-kinh-doanh-lo-goc-hiem-tai-van-phuc-ha-dong-pr703342.html
"Thứ 2, 00:13 30/03/2026",Chính chủ cho thuê phòng studio full đồ mới tinh tại ngõ 61 Vạn Phúc Hà Đông.,7.8 triệu/tháng,40 m2,"Hà Đông, Hà Nội",Chính chủ cho thuê phòng studio full đồ mới tinh tại ngõ 61 Vạn Phúc Hà Đông.Căn phòng nằm trong nhà lô góc nên cực kỳ thoáng và tràn ngập ánh sáng tự…,https://phongtro123.com/chinh-chu-cho-thue-phong-studio-full-do-moi-tinh-tai-ngo-61-van-phuc-ha-dong-pr703074.html
"Chủ Nhật, 04:29 29/03/2026","PHÒNG TRỌ GIÁ RẺ – 2.9 TRIỆU/THÁNG. SỐ 39 NGÕ 82 PHÚ ĐÔ, NAM TỪ LIÊM, HÀ NỘI",2.9 triệu/tháng,20 m2,"Nam Từ Liêm, Hà Nội","PHÒNG TRỌ GIÁ RẺ – 2.9 TRIỆU/THÁNG Địa chỉ: Số 39, ngõ 82 Phú Đô, Nam Từ Liêm, Hà Nội* Thông tin phòng:Giá chỉ 2,9tr/thángCó ban công, cửa sổ…",https://phongtro123.com/cho-thue-phong-tro-2-9-tr-so-39-ngo-82-phu-do-nam-tu-liem-ha-noi-pr690747.html
"Thứ 7, 20:44 28/03/2026",Chính chủ cho thuê phòng ở Hà Trì,4.2 triệu/tháng,27 m2,"Hà Đông, Hà Nội","Địa chỉ: khu dịch vụ mới Hà TrìThang máy , khoá vân tay , nhà hai mặt tiền , có ban công , cửa sổNội thất : Điều hòa, nóng lạnh, wifi riêng, máy giặt…",https://phongtro123.com/chinh-chu-cho-thue-ccmn-o-ha-tri-pr703593.html
"Thứ 7, 13:36 28/03/2026",PHÒNG FULL ĐỒ – THANG MÁY – BẠCH MAI,4.5 triệu/tháng,17 m2,"Hai Bà Trưng, Hà Nội","Vị trí: Bạch Mai – Phường Thanh Nhàn, Hai Bà Trưng, Hà Nội* Trung tâm, đi lại cực tiện* Gần Bách Khoa – Kinh Tế – Xây Dựng~ 1km* Nhiều hàng quán,…",https://phongtro123.com/phong-full-do-thang-may-bach-mai-pr703820.html
"Thứ 7, 04:41 28/03/2026","CHO THUÊ PHÒNG 3tr TRỌ FULL ĐỒ – CÓ THANG MÁY – GẦN ĐẠI HỌC CÔNG NGHIỆP, FPT..",3 triệu/tháng,20 m2,"Bắc Từ Liêm, Hà Nội","CHO THUÊ PHÒNG TRỌ FULL NỘI THẤT – NHÀ MỚI – CÓ THANG MÁYĐ/c: Số 6, ngõ 70/79/2 Vân Trì – Nguyên Xá (ngõ ô tô, thuận tiện di chuyển, gần ĐH Công Nghiệp,…",https://phongtro123.com/cho-thue-phong-3tr-tro-full-do-co-thang-may-gan-dai-hoc-cong-nghiep-fpt-pr689495.html
"Thứ 6, 22:27 27/03/2026","Cho thuê phòng mới 25 - 30m2 tại Ngõ 229 Minh Khai, Hai Bà Trưng, Hà Nội",3 triệu/tháng,20 m2,"Hai Bà Trưng, Hà Nội","Cho thuê nhà trọ đầy đủ nội thất, giá cực chất, 3 triệu VND, 20m2 tại Minh Khai, Bạch Mai, Hà NộiNhà trọ cho thuê tại 44 ngách 45 ngõ 229 , Đường Minh…",https://phongtro123.com/cho-thue-phong-moi-25-30-m2-tai-ngo-191-minh-khai-hai-ba-trung-pr303933.html
"Thứ 6, 15:08 27/03/2026","39 Yên Xá studio full đồ, ngay Hồ Văn Quán, PTIT, Kiến Trúc, Viện 103",3.8 triệu/tháng,25 m2,"Thanh Trì, Hà Nội","Nhanh tay sở hữu phòng trọ tại Đường Yên Xá, Phường Thanh Liệt, Hà Nội - Huyện Thanh Trì, Hà Nội cũ với nội thất đầy đủ, diện tích 25m². Phòng trọ…",https://phongtro123.com/39-yen-xa-studio-full-do-ngay-ho-van-quan-ptit-kien-truc-vien-103-2-pr703751.html
"Thứ 6, 14:33 27/03/2026","39 YÊN XÁ GÁC XÉP FULL ĐỒ, GIÁ TỪ 3TR2, NGAY BỆNH VIỆN 103",3.2 triệu/tháng,25 m2,"Thanh Trì, Hà Nội","Nhà trọ cho thuê tại Đường Yên Xá, Phường Thanh Liệt, Hà Nội - Huyện Thanh Trì, Hà Nội cũ là lựa chọn lý tưởng cho những ai đang tìm kiếm một không…",https://phongtro123.com/39-yen-xa-gac-xep-full-do-gia-tu-3tr2-ngay-benh-vien-103-pr703750.html
"Thứ 6, 14:23 27/03/2026","Cho thuê phòng trọ 1PN, 25m2, giá siêu hời tại Mậu Lương, oto đỗ cửa",3.5 triệu/tháng,25 m2,"Hà Đông, Hà Nội","Phòng trọ cho thuê tại Đường Mậu Lương, Phường Kiến Hưng, Hà Nội - Quận Hà Đông, Hà Nội cũ với diện tích 25m², rất thích hợp cho những ai tìm kiếm…",https://phongtro123.com/cho-thue-phong-tro-1pn-25m2-gia-sieu-hoi-tai-mau-luong-oto-do-cua-pr703749.html
"Thứ 6, 13:15 27/03/2026","PHÒNG VSKK CÓ BAN CÔNG + 2 MẶT CỬA SỔ THOÁNG Ở VẠN PHÚC, HÀ ĐÔNG giá 3,3tr",3.3 triệu/tháng,30 m2,"Hà Đông, Hà Nội","Vạn Phúc, Tố Hữu, Hà Đông mk còn 1 phòng VSKK duy nhất cho thuê:- Ban công + cửa sổ 2 mặt thoáng - Rộng 30m2- Vị trí: gần đường Tố Hữu, Vạn Phúc,…",https://phongtro123.com/phong-vskk-co-ban-cong-2-mat-cua-so-thoang-o-van-phuc-ha-dong-gia-3-3tr-pr703740.html
"Thứ 6, 10:02 27/03/2026","1N1K full đồ – thang máy – Phương Canh, Nam Từ Liêm (5.2tr–6.3tr)",5.2 triệu/tháng,30 m2,"Nam Từ Liêm, Hà Nội","Địa chỉ: Số 09 Phương Canh, Xuân Phương, Nam Từ Liêm DANH SÁCH PHÒNG TRỐNG (DSPT):• P201: 5.2tr• P301 / 302 / 402 / 502 / 602 / 701: 5.6tr• P304 / 504: 6.3tr…",https://phongtro123.com/1n1k-full-do-thang-may-phuong-canh-nam-tu-liem-5-2tr-6-3tr-pr703158.html
"Thứ 6, 10:02 27/03/2026","Studio full đồ – 2 thang máy – Mễ Trì Hạ, gần Keangnam",5 triệu/tháng,30 m2,"Nam Từ Liêm, Hà Nội","Địa chỉ: Số 73 ngõ 14 Mễ Trì Hạ, Mỹ Đình, Nam Từ Liêm Căn hộ studio full đồ – vào ở ngay Giá: 5tr Ưu điểm nổi bật: Đối diện BIG C The Garden…",https://phongtro123.com/studio-full-do-2-thang-may-me-tri-ha-gan-keangnam-pr703159.html
"Thứ 6, 10:02 27/03/2026",1N1K 50m2 siêu rộng – full đồ – ban công lớn – Gốc Đề,7.5 triệu/tháng,50 m2,"Hai Bà Trưng, Hà Nội",Địa chỉ: Số 14 ngách 15 ngõ Gốc Đề – khu Bách Kinh Xây Còn duy nhất 1 phòng – vào ở ngay Giá: 7.500.000 Diện tích: ~50m² (nguyên sàn cực rộng)…,https://phongtro123.com/1n1k-50m2-sieu-rong-full-do-ban-cong-lon-goc-de-pr703164.html
"Thứ 6, 10:02 27/03/2026",Phòng 2tr7 có ban công – gần Nguyễn Xiển – ở luôn,2.7 triệu/tháng,15 m2,"Thanh Xuân, Hà Nội",Địa chỉ: Số 13 ngách 5 ngõ 214 Nguyễn Xiển (đầu ngõ) Trống phòng 401 – vào ở luôn Giá: 2.700.000 Diện tích: 15m² – tầng 4 WC chung (2 phòng) – có ban…,https://phongtro123.com/phong-2tr7-co-ban-cong-gan-nguyen-xien-o-luon-pr703157.html
"Thứ 6, 10:02 27/03/2026",Studio full đồ – thang máy – ô tô tránh – 31 ngõ 401 Cổ Nhuế (chỉ từ 3tr6),3.6 triệu/tháng,22 m2,"Bắc Từ Liêm, Hà Nội","Địa chỉ: Số 31 ngõ 401 Cổ Nhuế, Bắc Từ Liêm Cập nhật phòng trống mới nhất Giá chỉ từ 3tr6 – nhiều lựa chọn: ( Hỗ Trợ Giảm Ngay 200k Khi Ký HĐ…",https://phongtro123.com/studio-full-do-thang-may-o-to-tranh-31-ngo-401-co-nhue-chi-tu-3tr6-pr703149.html
"Thứ 6, 10:01 27/03/2026","Cho thuê gấp phòng trọ 602 Bạch Đằng, 4,5 triệu, 20m2, đầy đủ tiện nghi",4.5 triệu/tháng,20 m2,"Hai Bà Trưng, Hà Nội","Phòng trọ cho thuê tại 602 bạch đằng, Đường Bạch Đằng, Phường Hồng Hà, Hà Nội, trước đây Quận Hai Bà Trưng, Hà Nội với nhiều điểm nổi bật. Đây…",https://phongtro123.com/cho-thue-gap-phong-tro-602-bach-dang-4-5-trieu-20m2-day-du-tien-nghi-pr703699.html
"Thứ 6, 09:10 27/03/2026","CHO THUÊ PHÒNG KHU VỰC TRẦN BÌNH, KHÔNG PHÁT SINH CHI PHÍ ẨN, PHÒNG ĐẸP GIÁ RẺ",4.8 triệu/tháng,25 m2,"Cầu Giấy, Hà Nội","CHO THUÊ PHÒNG KHU VỰC TRẦN BÌNH, KHÔNG PHÁT SINH CHI PHÍ ẨNĐịa chỉ: 5A/58 Trần Bình, phường Mai Dịch, Cầu Giấy, Hà Nội• Gần các trường ĐH lớn: ĐH…",https://phongtro123.com/cho-thue-ccmn-khu-vuc-tran-binh-khong-phat-sinh-chi-phi-an-phong-dep-gia-re-pr703716.html
"Thứ 5, 17:27 26/03/2026",CHÍNH CHỦ CHO THUÊ PKK FULL NỘI THẤT PHỐ THÁI HÀ - MÁY GIẶT RIÊNG,5.8 triệu/tháng,50 m2,"Đống Đa, Hà Nội","Địa chỉ : 198 Thái HàNhà xây mới - phòng nào cũng có cửa sổ thoáng sáng  Phòng studio  Tháng máy  Diện tích : 25m2 - 50m2Phòng thoáng, mát  Nội…",https://phongtro123.com/chinh-chu-cho-thue-pkk-full-noi-that-pho-thai-ha-may-giat-rieng-pr703698.html
"Thứ 5, 14:16 26/03/2026",PASS PHÒNG – HỖ TRỢ 1TR THÁNG ĐẦU,4.3 triệu/tháng,45 m2,"Ba Đình, Hà Nội","PASS PHÒNG – HỖ TRỢ 1TR THÁNG ĐẦUMình cần pass lại phòng do chuyển công việc, phòng rất ổn áp, rộng rãi.Địa chỉ: 34 Phan Kế BínhGiá phòng: 4tr3 / 1…",https://phongtro123.com/pass-phong-ho-tro-1tr-thang-dau-pr703678.html
"Thứ 5, 12:22 26/03/2026",Nhượng gấp vì có việc không ở được. chính chủ k môi giới,4.3 triệu/tháng,25 m2,"Thanh Trì, Hà Nội","68 Triều KhúcMình pass phòng gấp 4tr3 đầy đủ nội thất ban công + bếp riêng + máy giặt riêng + sofa + bàn trà (tầng 6 view đỉnh, mới zin) bãi để xe rộng…",https://phongtro123.com/nhuong-gap-vi-co-viec-khong-o-duoc-chinh-chu-k-moi-gioi-pr703485.html
"Thứ 5, 11:18 26/03/2026","Gác xép full đồ – Khương Trung – ở luôn – gần nhiều ĐH – chỉ 4.5tr, có thang máy",4.5 triệu/tháng,25 m2,"Thanh Xuân, Hà Nội","CHO THUÊ STUDIO GÁC XÉP – KHƯƠNG TRUNG – THANH XUÂNĐịa chỉ: Ngõ 61 Khương Trung (ngõ rộng, thoáng, 3 gác tránh)Giá thuê: 4.5 triệu/tháng – vào ở luônƯu…",https://phongtro123.com/gac-xep-full-do-khuong-trung-o-luon-gan-nhieu-dh-chi-4-5tr-co-thang-may-pr703611.html
"Thứ 5, 11:18 26/03/2026","Studio full đồ xịn – Khương Trung, Thanh Xuân – gần nhiều ĐH – chỉ 6tr, có thang máy",6 triệu/tháng,25 m2,"Thanh Xuân, Hà Nội","CHO THUÊ STUDIO FULL NỘI THẤT – KHƯƠNG TRUNG – THANH XUÂNĐịa chỉ: Ngõ 61 Khương Trung (ngõ rộng, thoáng, 3 gác tránh)Giá thuê: 6 triệu/thángƯu điểm nổi…",https://phongtro123.com/studio-full-do-xin-khuong-trung-thanh-xuan-gan-nhieu-dh-chi-6tr-co-thang-may-pr703608.html
"Thứ 5, 04:44 26/03/2026","cho thuê phòng trọ giá rẻ 3,2 Võng Thị Tây Hồ, đi bố ra Hồ Tây không khí trong lành",3.2 triệu/tháng,24 m2,"Tây Hồ, Hà Nội","CHO THUÊ PHÒNG – 48 NGÕ 50 VÕNG THỊ, TÂY HỒ Phòng 401 – Giá chỉ 2,7 triệu/tháng, ở luôn. WC chung sạch sẽ. Full nội thất: giường, tủ, đệm, điều…",https://phongtro123.com/cho-thue-phong-tro-gia-re-3-2-vong-thi-tay-ho-di-bo-ra-ho-tay-khong-khi-trong-lanh-pr702163.html
"Thứ 4, 21:17 25/03/2026","Cho thuê phòng trọ khép kín nhà mặt phố, Số 1a phố Hoàng Thế Thiện ( đ/c trước khi sáp nhập là số 1",4.5 triệu/tháng,29 m2,"Long Biên, Hà Nội","Tiện ích:- Vị trí mặt phố đẹp, chưa bao giờ bị ngập trong mùa mưa bão,- Cách chợ 100m, gần bến xe bus, gần AEON Long Biên, gần siêu thị- Có sân để…",https://phongtro123.com/cho-thue-phong-tro-khep-kin-nha-mat-pho-so-1a-pho-hoang-the-thien-d-c-truoc-khi-sap-nhap-la-so-1-pr703645.html
"Thứ 3, 18:15 24/03/2026",CHO THUÊ PHÒNG TRỌ KHÉP KÍN NGÕ 328 TÂY MỖ,2.9 triệu/tháng,20 m2,"Nam Từ Liêm, Hà Nội","CHO THUÊ PHÒNG TRỌ KHÉP KÍN NGÕ 328 TÂY MỖ- KHÔNG CHUNG CHỦ, Ở NGAY CHỈ 2.9TR/THÁNG+ Phòng khép kín, sạch đẹp, đầy đủ nội thất: giường, tủ, điều hoà,…",https://phongtro123.com/cho-thue-phong-tro-khep-kin-ngo-328-tay-mo-pr703558.html
"Thứ 3, 08:32 24/03/2026",Cho thuê trọ 16m2 khép kín Hoàng Hoa Thám,2.2 triệu/tháng,16 m2,"Ba Đình, Hà Nội","Chính chủ cho thuê phòng trọ 16m2 khép kín tại số 9 ngách 639/39/31 Hoàng Hoa Thám.Đầy đủ: tủ lạnh, giường, tủ áo, bình nóng lạnh, điều hòa, quạt…",https://phongtro123.com/cho-thue-tro-16m2-khep-kin-hoang-hoa-tham-pr703516.html
"Thứ 2, 17:49 23/03/2026","Cho thuê phòng trọ 1PN, 1WC, 25m2, giá siêu hời tại Mậu Lương, p Kiến Hưng, Q.Hà Đông",3.8 triệu/tháng,25 m2,"Hà Đông, Hà Nội","Phòng trọ cho thuê tại Đường Mậu Lương, Phường Kiến Hưng, Hà Nội - Quận Hà Đông, Hà Nội cũ với diện tích 25m2, rất thích hợp cho những ai tìm kiếm…",https://phongtro123.com/cho-thue-phong-tro-1pn-1wc-25m2-gia-sieu-hoi-tai-mau-luong-p-kien-hung-q-ha-dong-pr703507.html
"Thứ 2, 17:45 23/03/2026","Cho thuê nhà trọ tại Đường Nguyễn Văn Trỗi, 3,4 triệu, 22 m2, ngay ptit, kiến trúc, hvan",3.4 triệu/tháng,22 m2,"Hà Đông, Hà Nội","Nhanh tay! Căn nhà trọ cho thuê tại Đường Nguyễn Văn Trỗi, Phường Hà Đông, Hà Nội (Quận Hà Đông, Hà Nội cũ) với diện tích 22 m2, đầy đủ nội thất,…",https://phongtro123.com/cho-thue-nha-tro-tai-duong-nguyen-van-troi-3-4-trieu-22-m2-ngay-ptit-kien-truc-hvan-pr703506.html
"Thứ 2, 17:27 23/03/2026","Cho thuê nhà trọ ở Đại Mỗ, 2n1k 5,5 triệu VND, 40m2, 2PN, 1WC, đầy đủ nội thất",5.5 triệu/tháng,40 m2,"Nam Từ Liêm, Hà Nội","Đường Đại Mỗ, Phường Đại Mỗ, Hà Nội - Quận Nam Từ Liêm, Hà Nội cũ là một lựa chọn hoàn hảo cho những ai đang tìm kiếm một không gian sống thoải…",https://phongtro123.com/cho-thue-nha-tro-o-dai-mo-2n1k-5-5-trieu-vnd-40m2-2pn-1wc-day-du-noi-that-pr703504.html
"Thứ 2, 16:49 23/03/2026","197 TRẦN PHÚ FULL ĐỒ, NGAY HỒ VĂN QUÁN, HỒ GƯƠM PLAZA, GA VQ",4.3 triệu/tháng,25 m2,"Hà Đông, Hà Nội","Đường Trần Phú, Phường Hà Đông, Hà Nội (cũ: Quận Hà Đông, Hà Nội) là một căn phòng trọ cực chất dành cho những ai đang tìm kiếm không gian sống tiện…",https://phongtro123.com/197-tran-phu-full-do-ngay-ho-van-quan-ho-guom-plaza-ga-vq-2-pr703500.html
"Thứ 2, 15:29 23/03/2026",CHO THUÊ PHÒNG GÁC XÉP 2 NGƯỜI - 2.2 TRIỆU - AN TRẠCH CÁT LINH,2.2 triệu/tháng,10 m2,"Đống Đa, Hà Nội","PHÒNG TRỌ CHO THUÊ - GIÁ CHỈ 2.2 TRIỆUPhòng ở được 2 người, phòng ngủ + gác xépVị trí: nghách 4, An Trạch 2, phường Ô Chợ Dừa, Hà Nội (gần trường…",https://phongtro123.com/cho-thue-phong-gac-xep-2-nguoi-2-2-trieu-an-trach-cat-linh-pr703490.html
"Thứ 2, 14:30 23/03/2026","Cho thuê phòng trọ tại Yên Xá, 3,5 triệu, 22m2, 1WC, full đồ 2 ngủ",3.5 triệu/tháng,25 m2,"Thanh Trì, Hà Nội","Phòng trọ xịn xò tại Đường Yên Xá, Phường Thanh Liệt, Hà Nội (Huyện Thanh Trì, Hà Nội cũ) đang chờ đón người ở mới. Với diện tích 25m², phòng này…",https://phongtro123.com/cho-thue-phong-tro-tai-yen-xa-3-5-trieu-22m2-1wc-full-do-2-ngu-pr703487.html
"Thứ 2, 14:26 23/03/2026","BA LA STUDIO FULL ĐỒ, NGAY ĐẠI NAM , OTO ĐỖ CỬA, CÁCH 400M, TIỆN NGHI",4 triệu/tháng,25 m2,"Hà Đông, Hà Nội","Nhanh tay! Nhà trọ cho thuê tại Đường Ba La, Phường Phú Lương, Hà Nội (địa chỉ cũ: Quận Hà Đông, Hà Nội) với diện tích 25m², thiết kế 1PN + 1WC/PT +…",https://phongtro123.com/ba-la-studio-full-do-ngay-dai-nam-oto-do-cua-cach-400m-tien-nghi-pr703486.html
"Thứ 2, 14:21 23/03/2026","PHÒNG THOÁNG MÁT GIÁ CHỈ 3TR8, đường Cổ Nhuế",3.8 triệu/tháng,25 m2,"Bắc Từ Liêm, Hà Nội","Gần chợ, đi lại dễ dàngPhòng sạch, vào ở ngayFull nội thất cơ bảnKhông gian thoáng, dễ sốngKhu ở yên tĩnh, an ninhLH: zl 0393340149Điện…",https://phongtro123.com/chung-cu-mini-thoang-mat-gia-chi-3tr8-pr703482.html
"Thứ 2, 14:20 23/03/2026","87 YÊN XÁ STUDIO FULL ĐỒ, NGAY GẦN HỒ VĂN QUÁN, PTIT, KIẾN TRÚC, HVAN",3.8 triệu/tháng,25 m2,"Thanh Trì, Hà Nội","Nhà trọ xịn xò tại Đường Yên Xá, Phường Thanh Liệt, Hà Nội (địa chỉ cũ: Huyện Thanh Trì, Hà Nội) sẵn sàng cho thuê với giá chỉ 3,8…",https://phongtro123.com/87-yen-xa-studio-full-do-ngay-gan-ho-van-quan-ptit-kien-truc-hvan-pr703483.html
"Thứ 2, 11:36 23/03/2026","PHÒNG FULL ĐỒ NỘI THẤT, VSKK, KHU BẾP TÁCH RIÊNG NGOÀI PHÒNG",3.9 triệu/tháng,35 m2,"Thanh Trì, Hà Nội","Căn hộ tiện nghi, riêng tư dành cho người trẻ đi làm tại Kim GiangBạn là người trẻ đi làm quanh khu vực Kim Giang, Nguyễn Xiển, Đại Kim? Bạn đang tìm…",https://phongtro123.com/ccmn-full-do-noi-that-vskk-khu-bep-tach-rieng-ngoai-phong-pr703471.html
"Thứ 2, 10:38 23/03/2026",Cho thuê studio 30m2 VSKK 127 Hào Nam,3.5 triệu/tháng,30 m2,"Đống Đa, Hà Nội","Cho thuê phòng trọ ngõ 127 Hào Nam và ngõ 5 Láng Hạ, 3.5tr phòng đôi - VSKK. Phù hợp SVHS, người đi làm tối về ngủ, nấu ăn đơn giản.Giá 3.5tr (nội thất…",https://phongtro123.com/cho-thue-studio-30m2-vskk-127-hao-nam-pr703195.html
"Thứ 2, 08:31 23/03/2026",CHỐT GẤP PHÒNG XINH SÁT HỒ TÂY - NHÀ PHÂN LÔ - GIÁ CHỈ 2.5TR – GIỜ GIẤC TỰ DO,2.5 triệu/tháng,20 m2,"Ba Đình, Hà Nội","Bạn muốn chiều chiều đi bộ ra Hồ Tây hóng gió hay đi tập thể dục ở Hồ Tây? Đây chính là ""chân ái"" dành cho bạn!Vị trí đắc địa: Ngõ 33 Văn Cao…",https://phongtro123.com/chot-gap-phong-xinh-sat-ho-tay-nha-phan-lo-gia-chi-2-5tr-gio-giac-tu-do-pr703428.html
"Chủ Nhật, 09:03 22/03/2026",Cho thuê 2 phòng để ở có ban công rộng ngõ ô tô đỗ ở Tân Mai,3.5 triệu/tháng,30 m2,"Hoàng Mai, Hà Nội","cho thuê phòng để ở tầng 2 3 , giá 3.200.000đ - 3.500.000đ/tháng .Phòng rộng rãi view đẹp, đầy đủ : giường, tủ đựng quần áo, điều hoà, vệ sinh riêng…",https://phongtro123.com/cho-thue-2-phong-de-o-co-ban-cong-rong-ngo-o-to-do-o-tan-mai-pr703432.html
"Chủ Nhật, 00:18 22/03/2026","Nhà trọ Sweet Home, 8 ngõ 35 Láng",4.5 triệu/tháng,21 m2,"Đống Đa, Hà Nội","Địa chỉ: 8 Ngõ 35 đường Láng (ngay đầu Ngã Tư Sở, nhà cách mặt đường khoảng 30 mét, ngõ rộng xe máy tránh nhau thoải mái, dễ dàng thuận tiện đi…",https://phongtro123.com/nha-tro-sweet-home-8-ngo-35-lang-pr703420.html
"Chủ Nhật, 00:06 22/03/2026",Cho thuê phòng trọ tại nhà 8 ngõ 35 Láng,4.3 triệu/tháng,20 m2,"Đống Đa, Hà Nội","Địa chỉ: 8 Ngõ 35 đường Láng (ngay đầu Ngã Tư Sở, nhà cách mặt đường khoảng 30 mét, ngõ rộng xe máy tránh nhau thoải mái, dễ dàng thuận tiện đi…",https://phongtro123.com/cho-thue-phong-tro-tai-nha-8-ngo-35-lang-pr703419.html
"Thứ 7, 23:12 21/03/2026","Cho thuê phòng mới tinh full đồ HOÀNG QUỐC VIỆT - DT 30m, Giá 4.3 triệu",4.3 triệu/tháng,30 m2,"Cầu Giấy, Hà Nội","Cho thuê phòng mới tinh full đồ tại HOÀNG QUỐC VIỆT--------------------- Giá từ 4,3 triệu - DT từ 30m- Ô tô đỗ tận cửa.- Có máy giặt và ban công phơi…",https://phongtro123.com/cho-thue-can-ho-moi-tinh-full-do-hoang-quoc-viet-dt-30m-gia-4-3-trieu-pr703093.html
"Thứ 7, 20:09 21/03/2026",CHO THUÊ PHÒNG TRỌ TẦNG 4 SỐ NHÀ 65 NGÕ 29 KHƯƠNG HẠ,3 triệu/tháng,20 m2,"Thanh Xuân, Hà Nội",-Cho thuê phòng trọ diện tích 20m2 tầng 4 đia chỉ số nhà 65 ngõ 29 khương hạ khương đình thành phố hà nội- nhà ngay mặt đường cổng chùa có bãi đỗ xe…,https://phongtro123.com/cho-thue-phong-tro-tang-4-so-nha-65-ngo-29-khuong-ha-pr703417.html
"Thứ 7, 18:59 21/03/2026","Nhượng phòng khép kín tại phường Vĩnh Phúc, quận Ba Đình, Hà Nội",4.85 triệu/tháng,25 m2,"Ba Đình, Hà Nội","Nhượng phòng khép kín tại phường Vĩnh Phúc, quận Ba Đình, Hà Nội MIỄN QC* Địa chỉ: Ngõ 31 Vĩnh Phúc – Ba Đình- Phòng gác xép rộng rãi, Cửa sổ to,…",https://phongtro123.com/nhuong-phong-khep-kin-tai-phuong-vinh-phuc-quan-ba-dinh-ha-noi-pr702942.html
"Thứ 7, 17:36 21/03/2026","Phòng Full nội thất - Không chung chủ - Giá chỉ 4 Triệu/ Tháng - Điện nước giá rẻ, Wifi miễn phí!",4 triệu/tháng,31 m2,"Long Biên, Hà Nội","Diện tích tầng: 31m² – nguyên tầng riêng biệt, không chung chủ Thông tin chi tiết: Phòng tầng 2 riêng biệt, sạch sẽ, KHÔNG CHUNG CHỦ Có cửa sổ lớn…",https://phongtro123.com/cho-thue-phong-tro-rong-rai-full-noi-that-khong-chung-chu-pr686415.html
"Thứ 7, 17:17 21/03/2026",CẦN CHO THUÊ 1 PHÒNG TRONG CĂN HỘ 2 NGỦ 2 VS CHUNG CƯ HH1B LINH ĐÀM 58M2 - 3.000.000 VND,3 triệu/tháng,58 m2,"Hoàng Mai, Hà Nội","THÔNG TIN CHUNGĐịa chỉ: Tòa HH1B Linh Đàm, Hoàng Mai, Hà Nội.Diện tích: 58m2. Được sử dụng 1 phòng ngủ, 1 vệ sinh và phòng khách.Tiện nghi: Đã có sẵn…",https://phongtro123.com/can-tim-nguoi-o-ghep-can-ho-2-ngu-2-vs-chung-cu-hh1b-linh-dam-58m2-3-000-000-vnd-pr702948.html
"Thứ 7, 08:29 21/03/2026","PHÒNG TRỌ RẺ NHẤT PHÚ DIỄN 1 KHÁCH 1 NGỦ GIÁ 3,8 TR",3.8 triệu/tháng,36 m2,"Bắc Từ Liêm, Hà Nội","CHÍNH CHỦ CHO THUÊ PHÒNG TRỌ GIÁ TỐT – VÀO Ở NGAY TẠI PHÚ DIỄNĐịa chỉ: Nhà số 21, ngõ 114 Nguyễn Đạo An, Phú DiễnĐang trống: Phòng 101 1 Khách 1 ngủ…",https://phongtro123.com/phong-tro-re-nhat-phu-dien-1-khach-1-ngu-gia-3-8-tr-pr703072.html
"Thứ 6, 15:47 20/03/2026",CHỦ NHÀ CHO THUÊ CĂN PHÒNG ĐẦY ĐỦ NỘI THẤT TAI NGÕ 44 TRẦN THÁI TÔNG CẦU GIẤY,4.6 triệu/tháng,27 m2,"Cầu Giấy, Hà Nội","Cho thuê phòng ngõ 44 Trần Thái Tông, Cầu Giấy Hà Nội. phòng đầy đủ đồ nội thất, có thể vào ở luôn. diện tích 27m2.Khu vực trung tâm, đi lại thuận…",https://phongtro123.com/chu-nha-cho-thue-can-phong-day-du-noi-that-tai-ngo-44-tran-thai-tong-cau-giay-pr703355.html
"Thứ 6, 15:35 20/03/2026","CHỦ NHÀ CHO THUÊ 1 NGỦ 1 KHÁCH, ĐỦ NỘI THẤT VÀO Ở LUÔN",9 triệu/tháng,50 m2,"Tây Hồ, Hà Nội","CHO THUÊ PHÒNG – 1 NGỦ 1 KHÁCH TẠI NGÕ 218 TRÍCH SÀI• Phòng 1 ngủ 1 khách và 2 ngủ 1 khách• Full đồ nội thất, chỉ việc xách vali vào ở• Máy giặt…",https://phongtro123.com/chu-nha-cho-thue-can-ho-1-ngu-1-khach-du-noi-that-vao-o-luon-pr703353.html
"Thứ 5, 22:00 19/03/2026",Cho thuê nhà trọ khu vực Bưởi Hoàng quốc việt,3 triệu/tháng,25 m2,"Cầu Giấy, Hà Nội","Cho thuê nhà trọ nội thất cơ bản đầy đủ Giường tủ, Bình nóng lạnh, Điều hoà, máy giặt, chậu bàn bếp…nhà ko chung chủ nên thoải mái tự docho…",https://phongtro123.com/cho-thue-nha-tro-khu-vuc-buoi-hoang-quoc-viet-pr703314.html
"Thứ 5, 16:15 19/03/2026",Cho thuê nhà trọ ở ngõ 124 Hòe Thị Cạnh Cao Đẳng FPT,3 triệu/tháng,30 m2,"Nam Từ Liêm, Hà Nội","Cho thuê nhà trọ ở ngõ 124 Hòe Thị Cạnh Cao Đẳng FPT Giá chỉ 3 triệu- Phòng rộng 30m2, có bếp ở khu vực riêng, nhà để xe rộng, điện 3k8/ số, giờ…",https://phongtro123.com/cho-thue-nha-tro-o-ngo-124-hoe-thi-canh-cao-dang-fpt-pr703249.html
"Thứ 4, 21:41 18/03/2026","Cho thuê phòng 30m2 Ngõ số 4 Hoàng Quốc Việt, Cầu Giấy",3.1 triệu/tháng,30 m2,"Cầu Giấy, Hà Nội","Có phòng cho thuê:Ngõ số 4 Hoàng Quốc Việt , số nhà 35 B tổ 16 phường Nghĩa Đô, quận Cầu Giấy, Hà Nội Diện tích 30 m²Giá 3 100 000 VND/thángPhòng…",https://phongtro123.com/tinh-thanh/ha-noi/cho-thue-phong-ngo-81-lac-long-quan-doi-dien-cho-buoi.html
"Thứ 4, 19:45 18/03/2026",Nhà trọ gần cầu Vĩnh Tuy - Aeon Long Biên,2.7 triệu/tháng,24 m2,"Long Biên, Hà Nội","Cho thuê phòng trọ khép kín đầy đủ điều hoà, bình nóng lạnh, wifi tốc độ caophòng bếp, sân rộng có mái che để xe, phơi quần áonước sinh hoạt có…",https://phongtro123.com/nha-tro-gan-cau-vinh-tuy-aeon-long-bien-2-pr703236.html
"Thứ 4, 14:21 18/03/2026",Phòng studio full nội thất vskk toà mới khai trương ngõ 387 phố Vũ Tông Phan,4.5 triệu/tháng,25 m2,"Thanh Xuân, Hà Nội","Cách 1 nhà ra Phố Vũ Tông Phan, nhà mặt ngõ ô tô đỗ cửa.Phòng đầy đủ tiện nghi, điều hoà, nóng lạnh, tủ bếp, hút mùi, máy giặt riêng , vệ sinh khép…",https://phongtro123.com/phong-studio-full-noi-that-vskk-toa-moi-khai-truong-ngo-387-pho-vu-tong-phan-3-pr703210.html
"Thứ 4, 00:26 18/03/2026",PHÒNG TRỌ GIÁ RẺ - KHÔNG CHUNG CHỦ - TỪ 3.5TR - FULL ĐỒ,3.9 triệu/tháng,19 m2,"Thanh Trì, Hà Nội","- Phòng rỗng rãi, thoáng mát- Khu dân cư văn minh, an ninh tốt, có thang thoát hiểm- Đầy đủ nội thất- Gần ĐH GTVT, ĐH Hà Nội, HV kĩ thuật mật mã",https://phongtro123.com/phong-tro-gia-re-khong-chung-chu-2-pr703169.html
"Thứ 4, 00:11 18/03/2026",PHÒNG TRỌ GIÁ SINH VIÊN TỪ 3.5TR - KHÔNG CHUNG CHỦ - FULL ĐỒ,3.7 triệu/tháng,19 m2,"Hà Đông, Hà Nội","- Sẵn phòng trống- Gần trường SP Nghệ thuật, GTVT, Bưu Chính, ĐH Hà Nội- Khu dân cư an ninh tốt, văn minh- Nội thất sạch sẽ, đầy đủ",https://phongtro123.com/phong-tro-re-dep-khong-chung-chu-pr703168.html
"Thứ 3, 20:26 17/03/2026",Phòng trọ cho thuê khu Tô Hiệu,1.6 triệu/tháng,10 m2,"Cầu Giấy, Hà Nội","Căn phòng trọ nằm ở số 104, khu tập thể B3, Đường Tô Hiệu, Phường Nghĩa Đô, Hà Nội, rộng 10m2, thoáng đãng, sạch sẽ. Phòng có 1PN và 1WC, thích hợp cho…",https://phongtro123.com/phong-tro-cho-thue-khu-to-hieu-pr703155.html
"Thứ 3, 20:26 17/03/2026",Phòng trọ cho thuê khu Tô Hiệu,1.6 triệu/tháng,10 m2,"Cầu Giấy, Hà Nội","Căn phòng trọ nằm ở số 104, khu tập thể B3, Đường Tô Hiệu, Phường Nghĩa Đô, Hà Nội, rộng 10m2, thoáng đãng, sạch sẽ. Phòng có 1PN và 1WC, thích hợp cho…",https://phongtro123.com/phong-tro-cho-thue-khu-to-hieu-pr703155.html
"Thứ 3, 18:18 17/03/2026",Conf 1 phòng trọ khu tập thể Quân Đội đường Cầu Diễn,1.9 triệu/tháng,15 m2,"Bắc Từ Liêm, Hà Nội","CÒN 1 PHÒNG TRỌ 17m2 – phoòng ngoài MẶT NGÕ CẦU DIỄN – BẮC TỪ LIÊMĐường Cầu Diễn, Phường Phúc Diễn- Giá thuê: 1.9tr/tháng Diện tích: 17m2 Phòng…",https://phongtro123.com/cho-thue-phong-tro-khu-tap-the-quan-doi-duong-cau-dien-2-pr703152.html
"Thứ 3, 16:53 17/03/2026",Chính chủ cho thuê Phòng mới xây – đẹp – tiện nghi – ở ngay!,4.3 triệu/tháng,30 m2,"Bắc Từ Liêm, Hà Nội","Gần chợ Xuân đỉnh, trạm y tế Xuân Đỉnh, Đại sứ quán Hàn quốc, trường C1-C2-C3 Xuân Đỉnh, Học viện hành chính quốc gia Thuận tiện đi lại, an ninh…",https://phongtro123.com/chinh-chu-cho-thue-phong-moi-xay-dep-tien-nghi-o-ngay-pr703144.html
"Thứ 3, 16:43 17/03/2026",Cho thuê phòng khép kín Hoàng Ngân full đồ có ban công,4.5 triệu/tháng,30 m2,"Thanh Xuân, Hà Nội","• Diện tích: 30m²• Giá: 4,5 triệu / thángFull nội thất, khép kinCó ban côngỞ riêng ko chung chủGần Láng Hạ, Trần Duy Hưng, Nguyễn Trãi và các…",https://phongtro123.com/cho-thue-can-ho-khep-kin-hoang-ngan-full-do-co-ban-cong-pr703141.html
"Thứ 3, 16:43 17/03/2026",Cho thuê Phòng mới 2 cửa sổ thoáng tại Bằng Liệt,4 triệu/tháng,30 m2,"Hoàng Mai, Hà Nội","Vị trí trung tâm Linh Đàm ngõ ô tô, xung quanh dân trí cao.Gần Trường ĐH Thăng Long, BV bưu điện, Bv Y học Cổ truyền, bến xe Nước Ngầm ...Thông tin:-…",https://phongtro123.com/phong-moi-xay-gia-cuc-soc-tang-1-trieu-cho-khach-khi-ky-hop-dong-pr672783.html
"Thứ 3, 16:31 17/03/2026",Cho thuê phòng đẹp thoáng khép kín full đồ tại Bằng Liệt,3.5 triệu/tháng,25 m2,"Hoàng Mai, Hà Nội","Phòng Studio Khép Kín – Full Nội Thất – Bằng LiệtGiá thuê: 3.500.000/tháng Diện tích 25m²Vị trí Bằng Liệt, gần ĐH Thăng Long, khu HH Linh Đàm, BV Y học…",https://phongtro123.com/cho-thue-can-ho-dep-thoang-khep-kin-full-do-tai-bang-liet-pr703140.html
"Thứ 3, 11:33 17/03/2026",Cho thuê phòng 34m2 chỉ cho sv ngoan sạch sẽ thuê,2.5 triệu/tháng,34 m2,"Thanh Trì, Hà Nội","Gđ mình có dư 1 phòng cho thuêDiện tích 34m2 tầng 4 cầu thang bộ có đầy đủ tủ quần áo, điều hòa , máy giặtkhu nấu ăn riêng, có sân thượng…",https://phongtro123.com/cho-thue-phong-34m2-chi-cho-sv-ngoan-sach-se-thue-pr703117.html
"Thứ 3, 08:08 17/03/2026",Cho thuê phòng ngõ Văn Chương Khâm Thiên,1.6 triệu/tháng,16 m2,"Đống Đa, Hà Nội","Cho thuê phòng ngõ Văn Chương Khâm ThiênDT phòng: 16m2, tầng 3, đi chung cầu thang với gđ, có sân phơi, điện nước vệ sinh kép kín, có chỗ nấu ăn, để xe T1,…",https://phongtro123.com/cho-thue-phong-ngo-van-chuong-kham-thien-2-pr703103.html
"Thứ 2, 15:06 16/03/2026",CHÍNH CHỦ CHO THUÊ PHÒNG MỚI XÂY – Ở NGAY!,3.9 triệu/tháng,30 m2,"Nam Từ Liêm, Hà Nội","CHÍNH CHỦ CHO THUÊ PHÒNG MỚI XÂY– Ở NGAY! Giá 3tr9 4tr3Hiện mình còn căn hộ CCMN cho thuê, phù hợp sinh viên, người đi làm hoặc cặp vợ chồng trẻ.Ngay…",https://phongtro123.com/chinh-chu-cho-thue-can-ho-chung-cu-mini-moi-xay-o-ngay-pr702786.html
"Chủ Nhật, 12:04 15/03/2026",Cho thuê trọ đơn cho sinh viên ở tại đống đa,1.4 triệu/tháng,15 m2,"Đống Đa, Hà Nội",Điện 4kNước 100kVệ sinh 20Chính chủTự do giờ giấcĐóng 1 cọc 1,https://phongtro123.com/cho-thue-tro-don-1tr6-cho-sinh-vien-o-pr703012.html
"Chủ Nhật, 07:18 15/03/2026","Cho thuê phòng trọ giá rẻ Mai dịch cầu giấy gia 3,3 gần Đại học Thương Mại, Quốc gia",3.3 triệu/tháng,24 m2,"Cầu Giấy, Hà Nội","cho thuê phòng trọ giá rẻ 3,3 tr mai dịch cầu giấy201 Vsc giá 3,3tr/ tháng ở luônĐịa chỉ : số nhà 41 Ngõ 47 địa chỉ Nguyễn Khả Trạc, mai dịch, Cầu…",https://phongtro123.com/cho-thue-phong-tro-gia-re-mai-dich-cau-giay-gia-3-3-gan-dai-hoc-thuong-mai-quoc-gia-pr692969.html
"Thứ 7, 23:53 14/03/2026",Studio 30M2 tại Lạc Long Quân Tây hồ (Cầu Giấy cũ) - siêu thoáng - chuẩn PCCC,5.5 triệu/tháng,30 m2,"Cầu Giấy, Hà Nội","1. Địa chỉ: Số 6 ngõ 61 Lạc Long Quân (gần đầu Thụy Khuê, 500m ra hồ Tây) - Vị trí thuận tiện, gần chợ, siêu thị, trường học (mầm non, tiểu học…",https://phongtro123.com/studio-30m2-tai-lac-long-quan-tay-ho-cau-giay-cu-sieu-thoang-chuan-pccc-pr703005.html
"Thứ 7, 21:02 14/03/2026","Phòng trọ nhà mới xây, khép kín, thang máy, đủ đồ",4.5 triệu/tháng,19 m2,"Đống Đa, Hà Nội","Nhà vừa xây xong, đang chờ những vị khác đầu tiên bóc tem.Mỗi phòng 19m2, ban công, cửa sổ thoáng sáng.Nhà có thang máy, hệ thống phòng cháy đầy…",https://phongtro123.com/phong-tro-nha-moi-xay-khep-kin-thang-may-du-do-pr703004.html
"Thứ 7, 10:33 14/03/2026","CHÍNH CHỦ CHO THUÊ PHÒNG, KHÔNG QUA MÔI GIỚI, GIÁ RẺ, FULL NỘI THẤT GẦN ĐẠI HỌC ĐẠI NAM, ĐH ĐIỆN…",3.5 triệu/tháng,18 m2,"Hà Đông, Hà Nội","Vị trí đắc địa: Gần ĐH Điện lực, ĐH Đại Nam, Chợ Xốm. Thuận tiện di chuyển, tiện ích xung quanh không thiếu thứ gì!NỘI THẤT CAO CẤP - RIÊNG…",https://phongtro123.com/chinh-chu-cho-thue-ccmn-khong-qua-moi-gioi-gia-re-full-noi-that-gan-dai-hoc-dai-nam-dh-dien-luc-pr702680.html
"Thứ 7, 08:27 14/03/2026",Cho thuê phòng trọ mới tại khu đất dịch vụ Lai Xá chỉ từ 2.800.000đ,3 triệu/tháng,25 m2,"Hoài Đức, Hà Nội","Phòng mini Skyhome tại khu đất dịch vụ Lai XáCách đại học thành đô 50m, cao đăng FPT 7p đi xeFull nội thất gỗ xịn xòNóng lạnh, điều hoà, máy giặt…",https://phongtro123.com/cho-thue-phong-tro-ccmn-moi-tai-khu-dat-dich-vu-lai-xa-chi-tu-3tr-3tr7-pr677687.html
"Thứ 6, 20:24 13/03/2026",CHO THUÊ PHÒNG TRỌ trong ngõ Đại Cồ Việt,2 triệu/tháng,15 m2,"Hai Bà Trưng, Hà Nội","Phòng trọ tầng 4 khép kín, Diện tích 15m2, ngõ 19/66 Đại Cồ Việt . Gần Công Viên, gần trường Bách KhoaPhòng có WC riêng. Có Điều hoà, Tivi, Giường, Bàn…",https://phongtro123.com/cho-thue-phong-tro-trong-ngo-dai-co-viet-pr700922.html
"Thứ 6, 18:55 13/03/2026","PHÒNG XUÂN ĐỈNH, BẮC TỪ LIÊM, HÀ NỘI",3.6 triệu/tháng,20 m2,"Bắc Từ Liêm, Hà Nội","PASS PHÒNG GẤP – PHÒNG XUÂN ĐỈNH, BẮC TỪ LIÊM, HÀ NỘI TẶNG 500K CỌC* Địa chỉ: 495 Xuân Đỉnh, P. Xuân Đỉnh, Q. Bắc Từ Liêm* Diện tích: 20m²- Đầy…",https://phongtro123.com/ccmn-xuan-dinh-bac-tu-liem-ha-noi-pr700795.html
"Thứ 6, 15:42 13/03/2026",Cho thuê phòng 286 Đê La Thành nhỏ,3.5 triệu/tháng,23 m2,"Đống Đa, Hà Nội","Cho thuê phòng 286 Đê La Thành nhỏ Giá 3tr5 ĐIỆN 4K/số Phòng đủ đồ cơ bản , có máy giặt chung Có cửa sổ thoáng mátRộng 23m2Gần trường ĐH…",https://phongtro123.com/cho-thue-phong-286-de-la-thanh-nho-pr702927.html
"Thứ 6, 13:14 13/03/2026","Cho thuê tầng 1 trong nhà riêng tại phố Khâm Thiên, giá 6 triệu diện tích 70m2",6 triệu/tháng,70 m2,"Đống Đa, Hà Nội","Chính chủ cho thuê tầng 1 trong nhà riêng, diện tích 70m2 ở phố Khâm Thiên, Quận Đống Đa. Phù hợp cho hộ gia đình nhỏ (tối đa 4 người) hoặc người đi…",https://phongtro123.com/cho-thue-nha-rieng-tang-1-pho-kham-thien-gia-6-trieu-dien-tich-70m2-pr702913.html
"Thứ 6, 13:07 13/03/2026",TÒA MỚI 17 TRỊNH VĂN BÔ - GIÁ 4TR800,4.8 triệu/tháng,352 m2,"Nam Từ Liêm, Hà Nội","Toà Mới ở 17 Trịnh Văn BôGiá 4tr800full nội thất cơ bảngần chợ , hàng quán ăn, coffegần FPT, Đông Á, di chuyển 5p qua HaUiphòng thoáng sạch sẽ , ban…",https://phongtro123.com/toa-moi-17-trinh-van-bo-gia-4tr800-pr702914.html
"Thứ 6, 10:11 13/03/2026","CỔNG TRƯỚC PHENIKAA, OTO ĐỖ CỬA, CÁCH PHENIKAA 400M, TIỆN NGHI",4.5 triệu/tháng,25 m2,"Hà Đông, Hà Nội","Phòng cho thuê ở Phường Yên Nghĩa, Hà Nội, trước đây Quận Hà Đông, Hà Nội cực chất. 1PN, 1WC, 25m2, giá chỉ 4,5 triệu VND.- Nội thất đầy đủ, gồm…",https://phongtro123.com/cong-truoc-phenikaa-oto-do-cua-cach-phenikaa-400m-tien-nghi-pr702899.html
"Thứ 5, 22:24 12/03/2026",CHO THUÊ PHÒNG ĐẸP – FULL NỘI THẤT – GẦN TRƯỜNG KINH DOANH & CÔNG NGHỆ (700m),4.5 triệu/tháng,30 m2,"Hai Bà Trưng, Hà Nội","CHO THUÊ PHÒNG ĐẸP – FULL NỘI THẤT – GẦN TRƯỜNG KINH DOANH & CÔNG NGHỆ (700m) * Địa chỉ: Ngõ 100 Dương Văn Bé, Vĩnh Tuy- Ngách 100/71 – Số nhà 26…",https://phongtro123.com/con-phong-so-6-o-tang-3-rong-30n2-pr702422.html
"Thứ 5, 17:13 12/03/2026","Cho thuê nhà trọ ở khu dân cư 918 Phúc Đồng, Quận Long Biên, Hà Nội",2 triệu/tháng,25 m2,"Long Biên, Hà Nội","Diện tích 25m2 cho 1 phòng, công trình phụ ở khép kín. Điện nước máy Nhật đồng hồ riêng.Phòng ở sạch sẽ, thoáng mát, khu an ninh tốt, riêng biệt, không…",https://phongtro123.com/cho-thue-nha-tro-o-khu-dan-cu-918-phuc-dong-quan-long-bien-ha-noi-pr699850.html
"Thứ 4, 20:28 11/03/2026",Phòng chỉ 4TR/tháng – gần Bách Kinh Xây (cách NEU 300m),4 triệu/tháng,18 m2,"Thanh Xuân, Hà Nội","Địa chỉ: Số 14, ngõ 1 Trường ChinhNhà 5 tầng, hệ thống PCCC đạt chuẩn, cửa chống cháy an toàn, camera an ninh.️ Phòng full nội thất:• Điều hoà,…",https://phongtro123.com/phong-chi-4tr-thang-gan-bach-kinh-xay-cach-neu-300m-pr702816.html
"Thứ 4, 15:01 11/03/2026","CHO THUÊ PHÒNG TẠI NHÀ MẶT PHỐ 395 THỤY KHUÊ ĐỦ NỘI THẤT, ĐIỀU HÒA, MÁY GIẶT, WIFI",2.6 triệu/tháng,15 m2,"Tây Hồ, Hà Nội","Vị trí: Căn hộ trong ngôi nhà 5 tầng tại số 395 Thụy Khuê, phường Tây Hồ, Hà Nội.Giá thuê: 2,5 – 3 triệu.Diện tích: 15m2Thông tin phòng:Phòng sạch…",https://phongtro123.com/cho-thue-can-ho-tai-nha-mat-pho-395-thuy-khue-du-noi-that-dieu-hoa-may-giat-wifi-pr702787.html
"Thứ 4, 14:52 11/03/2026","KHAI TRƯƠNG CCMN GẦN ĐH ĐIỆN LỰC, ĐẠI NAM, CHỢ XỐM, CHO THUÊ PHÒNG FULL ĐỒ CHỈ TỪ 3,5TR",3.5 triệu/tháng,20 m2,"Hà Đông, Hà Nội","Cho thuê phòng trọ dạng studio full đồ trong CCMN gần ĐH Điện lực, ĐH Đại Nam, Chợ Xốm- Trang bị riêng: Tủ Lạnh, điều hòa, nóng lạnh, tủ áo, tủ bếp,…",https://phongtro123.com/cho-thue-phong-tro-gan-dh-dien-luc-dai-nam-cho-xom-pr702439.html
"Thứ 4, 11:34 11/03/2026","CHO THUÊ PHÒNG 2,6tr TRỌ FULL ĐỒ – CÓ THANG MÁY – GẦN ĐẠI HỌC CÔNG NGHIỆP, FPT..",2.6 triệu/tháng,18 m2,"Bắc Từ Liêm, Hà Nội","PHÒNG TRỌ MỚI – FULL NỘI THẤT – THANG MÁY – GẦN ĐH CÔNG NGHIỆPĐịa chỉ: Số 6, ngõ 70/79/2 Vân Trì – Nguyên XáGần ĐH Công Nghiệp, ĐH Tài Nguyên &…",https://phongtro123.com/cho-thue-phong-2-6tr-tro-full-do-co-thang-may-gan-dai-hoc-cong-nghiep-fpt-pr689500.html
"Thứ 3, 19:58 10/03/2026","Duy nhất 1 phòng có ban công Cho thuê tại Cầu Diễn, Bắc Từ Liêm, Hà Nội",2.8 triệu/tháng,25 m2,"Bắc Từ Liêm, Hà Nội","Duy nhất 1 phòng có ban công Cho thuê tại Cầu Diễn , Bắc Từ Liêm, Hà Nội* Địa chỉ: Nhà 10C1 KĐT Cầu Diễn, Phú Diễn, Hà Nội (sau tòa nhà Golden Mark 136…",https://phongtro123.com/duy-nhat-1-phong-co-ban-cong-cho-thue-tai-cau-dien-bac-tu-liem-ha-noi-pr702740.html
"Thứ 3, 15:08 10/03/2026","Cho thuê phòng trọ tại Hữu Lê, Thanh Liệt, Thanh Trì, 4 triệu, 30m2",4 triệu/tháng,30 m2,"Thanh Trì, Hà Nội","Phòng trọ cho thuê tại Đường Hữu Lê, Phường Thanh Liệt, Hà Nội (Huyện Thanh Trì, Hà Nội cũ) với diện tích 30m2, thiết kế 1PN + 1WC + bếp, đầy đủ tiện…",https://phongtro123.com/cho-thue-phong-tro-tai-huu-le-thanh-liet-thanh-tri-4-trieu-30m2-pr702728.html
"Thứ 2, 21:41 09/03/2026","Cho thuê nhà trọ giá rẻ khu Khương Đình, Hà Nội",3.5 triệu/tháng,25 m2,"Thanh Xuân, Hà Nội","Phòng 25m² giá 3tr5/tháng, tầm 2-3 người thuê chung đc. Ko chung chủ, có cho sạc xe điện, đầy đủ điều hoà, bình nóng lạnh; có bếp, vệ sinh khép kín, gáp…",https://phongtro123.com/cho-thue-nha-tro-gia-re-khu-khuong-dinh-ha-noi-pr702702.html
"Thứ 2, 21:26 09/03/2026","Cho thuê phòng trọ giá rẻ ở Khương Đình, Hà Nội",2 triệu/tháng,15 m2,"Thanh Xuân, Hà Nội","Phòng 15m² giá 2tr/tháng, 2 người thuê chung đc. Ko chung chủ, có sạc xe điện, đầy đủ điều hoà, bình nóng lạnh; vệ sinh khép kín, có bếp có giường như…",https://phongtro123.com/cho-thue-phong-tro-gia-re-o-khuong-dinh-ha-noi-pr702701.html
"Thứ 2, 18:18 09/03/2026","Phòng trọ mới 100% full nội thất, VSKK kv Xuân Đỉnh",4.5 triệu/tháng,40 m2,"Bắc Từ Liêm, Hà Nội","Địa chỉ: ngõ 401 Đường Xuân Đỉnh, Hà Nội Nội Thất: điều hòa, nóng lạnh, giường tủ, tủ lạnh, máy giặt Diện Tích: 33-42m2 Chi phí: Điện…",https://phongtro123.com/phong-tro-moi-100-full-noi-that-vskk-kv-xuan-dinh-pr702690.html
"Thứ 2, 17:25 09/03/2026","Cho thuê nhà trọ 1PN, 25m2, 4,7 triệu tại Phố Nhân Hòa, Quận Thanh Xuân, Hà Nội",4.7 triệu/tháng,25 m2,"Thanh Xuân, Hà Nội","Tại Phố Nhân Hòa, Phường Thanh Xuân, Hà Nội - Quận Thanh Xuân, Hà Nội cũ, cho thuê nhà trọ với thiết kế hiện đại và đầy đủ tiện nghi.- Cấu trúc:…",https://phongtro123.com/cho-thue-nha-tro-1pn-25m2-4-7-trieu-tai-pho-nhan-hoa-quan-thanh-xuan-ha-noi-pr702687.html
"Thứ 2, 16:52 09/03/2026","Cho thuê nhà trọ, phòng trọ mới tinh, full đồ",Thỏa thuận,30 m2,"Nam Từ Liêm, Hà Nội","Phòng cho gia đình ,đầy đủ tiện nghi , giường tủ đệm, tủ lạnh ,điều hòa ,nóng lạnh,máy giặt ( chung)thang máy ,pccc ,cổng vân taycó chỗ để…",https://phongtro123.com/cho-thue-nha-tro-phong-tro-moi-tinh-full-do-pr702683.html
"Thứ 2, 13:19 09/03/2026","Cho thuê phòng giá rẻ, khép kín, thang máy, oto đỗ thoải mái, gần công viên Hòa Bình",5 triệu/tháng,40 m2,"Bắc Từ Liêm, Hà Nội","Vị trí đắc địa, an ninh tốt, mặt đường lớn, thuận tiện đi lại, đỗ oto thoải máiPhòng đẹp, rộng 40m gồm Khách+Bếp, 2 phòng ngủ riêng biệt, thích…",https://phongtro123.com/cho-thue-phong-gia-re-khep-kin-thang-may-oto-do-thoai-mai-gan-cong-vien-hoa-binh-pr702658.html
"Thứ 2, 11:02 09/03/2026","KHAI TRƯƠNG CCMN PHỐ XỐM, CHO THUÊ PHÒNG FULL ĐỒ, CÓ THANG MÁY GIÁ CHỈ TỪ 3TR",3 triệu/tháng,14 m2,"Hà Đông, Hà Nội","Cho thuê phòng khép kín, full đồ trong CCMN gần ĐH Điện lực, ĐH Đại Nam, Chợ Xốm- Trang bị riêng: Tủ Lạnh, máy giặt, điều hòa, nóng lạnh, tủ áo, tủ…",https://phongtro123.com/cho-thue-phong-tro-pho-xom-full-do-co-thang-may-pr702010.html
"Thứ 2, 09:50 09/03/2026",CHO THUÊ PHÒNG TRỌ 15M² – MẶT NGÕ CẦU DIỄN – BẮC TỪ LIÊM (KHÉP KÍN),1.9 triệu/tháng,15 m2,"Bắc Từ Liêm, Hà Nội","- Giá thuê: 1tr9/ thángDiện tích: 15m²Phòng ngoài mặt ngõ, biệt lập, riêng tưCó gác xép, điều hòa, nóng lạnhBếp và vệ sinh khép kínNgõ rộng 3m5, đi…",https://phongtro123.com/cho-thue-phong-tro-15m2-mat-ngo-cau-dien-bac-tu-liem-khep-kin-pr702638.html
"Thứ 2, 08:45 09/03/2026","CHo thuê trọ phù hợp với hộ gia đình, sinh viên.",3 triệu/tháng,30 m2,"Hoài Đức, Hà Nội","Trọ cho thuê phù hợp với hộ gia đình và sinh viên.Mặt đường 10m, gần đại học PHenikaa, Đại Nam, Học viện hành chính và phát triển, đại học kiểm…",https://phongtro123.com/cho-thue-tro-phu-hop-voi-ho-gia-dinh-sinh-vien-pr702628.html
"Thứ 2, 08:44 09/03/2026","CHÍNH CHỦ CHO THUÊ TẦNG 2 & 3 – 84 ĐÀM QUANG TRUNG, LONG BIÊN",5 triệu/tháng,65 m2,"Long Biên, Hà Nội","CHO THUÊ TẦNG 2 & 3 – 84 ĐÀM QUANG TRUNG, LONG BIÊNVị trí thuận tiện, khu dân cư văn minh, an ninh tốtDi chuyển nhanh qua Cầu Vĩnh Tuy, Cầu Chương DươngCách…",https://phongtro123.com/chinh-chu-cho-thue-tang-2-3-84-dam-quang-trung-long-bien-pr702633.html
"Chủ Nhật, 11:09 08/03/2026",Cho thuê phòng trọ chính chủ Tân Triều- Triều Khúc -Thanh Xuân ( PHÙ HỢP VỚI NHÓM BẠN Ở 3-4 NGƯỜI),3.8 triệu/tháng,30 m2,"Thanh Xuân, Hà Nội","Chính chủ cho thuê CCMN hoặc ở ghép cùng nhau .Địa chỉ : Số nhà 50, ngõ 46 Tân Triều, Triều Khúc, Thanh XuânĐiện thoại:…",https://phongtro123.com/cho-thue-phong-tro-chinh-chu-va-con-phong-o-ghep-pr585479.html
"Thứ 7, 11:24 07/03/2026","Cho thuê phòng trọ cách Luật, Học viện Hành Chinh, Ngoại Giao, Ngoại Thương 500m",4.5 triệu/tháng,25 m2,"Đống Đa, Hà Nội","Hiện mình còn 1 phòng, full đồ vào ở được ngay. cách Luật, Học viện Hành Chinh, Ngoại Giao, Ngoại Thương 500m, Vị trí đẹp đi đâu cũng tiện, thông ra chùa…",https://phongtro123.com/cho-thue-phong-tro-cach-luat-hoc-vien-hanh-chinh-ngoai-giao-ngoai-thuong-500m-pr659214.html
"Thứ 7, 09:25 07/03/2026","Cho thuê phòng 60 m2, làm cửa hàng, kho hàng",10 triệu/tháng,60 m2,"Hoàng Mai, Hà Nội","Phòng rộng 60m2, mặt tiền hơn 4m, cửa cuốn an toànPhòng mới xây rộng rãi, thoáng mát, công trình phụ và bếp đầy đủ, có gác xép cao ráo sạch đẹpGần…",https://phongtro123.com/cho-thue-phong-60-m2-lam-cua-hang-kho-hang-pr702556.html
"Thứ 6, 22:16 06/03/2026",Pass trọ về quê gấp có thể ở luôn,3.7 triệu/tháng,30 m2,"Bắc Từ Liêm, Hà Nội","Mk cần pass trọ do phải về quê tại 42 ngõ 77 cầu noi, giá 3tr7( ở 1 người được giảm thêm tiền) vskk,bếp, điều hòa, nóng lạnh, ban công,máy giặt đầy…",https://phongtro123.com/pass-tro-ve-que-gap-co-the-o-luon-pr702541.html
"Thứ 6, 14:21 06/03/2026",Cho thuê phòng mới xây Full Nội Thất gần Trường Đại Học Công Nghiệp HN - Bắc Từ Liêm,2.8 triệu/tháng,18 m2,"Bắc Từ Liêm, Hà Nội","CHO THUÊ PHÒNG FULL ĐỒ – THANG MÁY – TRUNG KIÊN, TÂY TỰUĐịa chỉ: Số 33A/197 Trung Kiên, Tây TựuNhận phòng: Ở ngay – thời gian linh hoạtGiá: 2.8 –…",https://phongtro123.com/cho-thue-phong-moi-xay-full-noi-that-gan-truong-dai-hoc-cong-nghiep-hn-bac-tu-liem-pr702511.html
"Thứ 6, 10:01 06/03/2026","Chính chủ cho thuê phòng cách ĐH Phenikaa 200m, full đồ, giá chỉ 3xx",3.2 triệu/tháng,25 m2,"Hà Đông, Hà Nội","Nhà mình còn 1 phòng Cho thuê cách ĐH Phenikaa 200m- Cửa sổ thoáng mát.- Đầy đủ công năng, hệ thống pccc đầy đủ.- Không chung chủ, giờ giấc tự do,…",https://phongtro123.com/chinh-chu-cho-thue-phong-cach-dh-phenikaa-200m-full-do-gia-chi-3xx-pr702489.html
"Thứ 6, 04:51 06/03/2026","PHÒNG TRỌ 2,2-3 TR NHÀ SỐ 15 CAO TRUNG, THỊ TRẤN TRÔI, GẦN THÀNH ĐÔ,CÔNG NGHIỆP, VIỆN KHHS",2.2 triệu/tháng,24 m2,"Hoài Đức, Hà Nội","NHÀ SỐ 15 CAO TRUNG, THỊ TRẤN TRÔI, HOÀI ĐỨC TRỐNG PHÒNG 402 VSC GIÁ 2,2 TR ở luôn101 VỆ SINH RIÊNG GIÁ 3TR ở luôn Gần Đại học công nghiệp, Cao đẳng…",https://phongtro123.com/nha-so-15-cao-trung-thi-tran-troi-hoai-duc-trong-phong-gan-thanh-do-cong-nghiep-pr690129.html
"Thứ 6, 04:51 06/03/2026","Cho thuê phòng trọ giá rẻ 3,9 phậm tuấn tài, gần đại học quốc gia, Báo chí, Sư Phạm, Điện lực...",3.9 triệu/tháng,28 m2,"Cầu Giấy, Hà Nội","CHO THUÊ PHÒNG TRỌ 301 NHÀ 39 PHẠM TUẤN TÀI GIÁ 3.9TRĐịa chỉ : 39/15 Phạm Tuấn Tài, Cầu Giấy, Hà NộiTrống phòng 301, thang bộ ,GẦN đại học Sư Phạm…",https://phongtro123.com/cho-thue-phong-tro-gia-re-3-9-pham-tuan-tai-gan-dai-hoc-quoc-gia-bao-chi-su-pham-dien-luc-pr701700.html
"Thứ 5, 15:25 05/03/2026","Phòng trọ 20m2, không chung chủ tại 27 ngõ 154 Đình Thôn, Phường Mỹ Đình 1",3.3 triệu/tháng,20 m2,"Nam Từ Liêm, Hà Nội","- Phòng trọ Tầng 3, 20m2, có thang máy- 01 nhà vệ sinh, 01 ban công- Điều hòa, bàn bếp, giường tủ.....Đ/C: 27 ngõ 154 Phố Đình Thôn, Phường Mỹ Đình 1,…",https://phongtro123.com/phong-tro-20m2-khong-chung-chu-pr682690.html
"Thứ 5, 11:07 05/03/2026","Cho thuê phòng view hồ thoáng mát, đủ đồ",4.4 triệu/tháng,45 m2,"Thanh Xuân, Hà Nội","Phòng trọ view hồ thoáng mátDiện tích 45m2, đủ đồGần các trường cấp 1-2, gần chợ, đi lại thuận tiện",https://phongtro123.com/cho-thue-phong-view-ho-thoang-mat-du-do-pr702406.html
"Thứ 5, 09:55 05/03/2026","CHÍNH CHỦ CHO THUÊ PHÒNG Ở - HOÈ THỊ, QUẬN NAM TỪ LIÊM",4.3 triệu/tháng,20 m2,"Nam Từ Liêm, Hà Nội","Phòng CCMN full nội thất – vào ở ngay Địa chỉ: Hòe Thị – Trịnh Văn BôGần CĐ FPT, ĐH Công nghệ Đông Á, ĐH Công Nghiệp Hà Nội, BV Phenika, thuận…",https://phongtro123.com/chinh-chu-cho-thue-can-ho-chung-cu-mini-o-2-pr702429.html
"Thứ 5, 09:35 05/03/2026","Cho thuê nhà trọ đầy đủ nội thất 22m2, 3,2 triệu tại Cầu Tó, Thanh Liệt, Hà Nội",3.2 triệu/tháng,22 m2,"Thanh Trì, Hà Nội","Nhà trọ cho thuê tại Đường Cầu Tó, Phường Thanh Liệt, Hà Nội (Huyện Thanh Trì, Hà Nội cũ) mang đến không gian sống tiện nghi và thoải mái. Với diện…",https://phongtro123.com/cho-thue-nha-tro-day-du-noi-that-22m2-3-2-trieu-tai-cau-to-thanh-liet-ha-noi-pr702426.html
"Thứ 5, 08:28 05/03/2026","PHÒNG ĐẸP GIÁ RẺ – TT TRÔI, HOÀI ĐỨC 2.5 triệu/tháng",2.5 triệu/tháng,35 m2,"Hoài Đức, Hà Nội","PHÒNG ĐẸP GIÁ RẺ – TT TRÔI, HOÀI ĐỨC 2.5 triệu/thángSố 15 Cao Trung– Vệ sinh khép kín, vào ở ngay– Full nội thất: giường, tủ, bàn ghế, tủ lạnh,…",https://phongtro123.com/phong-dep-gia-re-tt-troi-hoai-duc-2-8-trieu-thang-so-15-cao-trung-pr694456.html
"Thứ 4, 17:09 04/03/2026","Cho thuê phòng trọ 20m2 khép kín tại Bằng B, Hoàng Mai",2.5 triệu/tháng,20 m2,"Hoàng Mai, Hà Nội","Cho thuê phòng tầng 3 tại Bằng B - Hoàng Liệt gần KĐT Linh Đàm, Đại Từ, tiện đường ra Giải Phóng, Pháp Vân, vành đai 3, Khuất Duy Tiến...Nhà hướng…",https://phongtro123.com/cho-thue-phong-tro-moi-20m2-khep-kin-tai-bang-b-hoang-mai-pr619048.html
"Thứ 4, 15:20 04/03/2026",PHÒNG TRỌ 25M² FULL ĐỒ – GẦN CÁC TRƯỜNG ĐH LỚN – Ở NGAY!,4.4 triệu/tháng,25 m2,"Cầu Giấy, Hà Nội",Bạn đang tìm phòng rộng – sạch – tiện nghi – an ninh tốt?Phòng bên mình chính là lựa chọn lý tưởng cho sinh viên & người đi làmDiện tích rộng 25m²…,https://phongtro123.com/phong-tro-25m2-full-do-gan-cac-truong-dh-lon-o-ngay-pr702396.html
"Thứ 4, 15:09 04/03/2026","CHO THUÊ PHÒNG TRỌ KHÉP KÍN MỚI TINH FULL TIỆN ÍCH TẠI KHƯƠNG ĐÌNH, THANH XUÂN, HÀ NỘI",2.5 triệu/tháng,25 m2,"Thanh Xuân, Hà Nội","CHO THUÊ PHÒNG TRỌ KHÉP KÍN MỚI TINH FULL TIỆN ÍCH TẠI KHƯƠNG ĐÌNH, THANH XUÂN, HÀ NỘI* Địa chỉ: 77/207 Bùi Xương Trạch, Thanh Xuân* Diện tích: 15m² –…",https://phongtro123.com/cho-thue-phong-tro-khep-kin-moi-tinh-full-tien-ich-tai-khuong-dinh-thanh-xuan-ha-noi-pr702289.html
"Thứ 4, 15:09 04/03/2026","CHO THUÊ PHÒNG TRỌ KHÉP KÍN MỚI TINH FULL TIỆN ÍCH TẠI ĐỐNG ĐA, HÀ NỘI MIỄN QC",2.5 triệu/tháng,25 m2,"Đống Đa, Hà Nội","CHO THUÊ PHÒNG TRỌ KHÉP KÍN MỚI TINH FULL TIỆN ÍCH TẠI ĐỐNG ĐA, HÀ NỘI MIỄN QC* Địa chỉ: 31 Quan Thổ 1,Phường Ô Chợ Dừa, Tôn Đức Thắng Hà Nội*…",https://phongtro123.com/cho-thue-phong-tro-khep-kin-moi-tinh-full-tien-ich-tai-dong-da-ha-noi-mien-qc-pr702332.html
"Thứ 4, 13:18 04/03/2026",Còn 1 phòng tầng 2 trống cuối tháng 3/2026 này vào luôn,2.8 triệu/tháng,15 m2,"Cầu Giấy, Hà Nội","Phòng tằng 2 rộng khoảng 14-15m2, full đồ chỉ việc xách vali vào ở, có điều hòa nóng lạnh giường đệm , tủ lạnh máy giặt …, vị trí gần các trường…",https://phongtro123.com/con-1-phong-tang-2-trong-cuoi-thang-3-2026-nay-vao-luon-pr702383.html
"Thứ 4, 11:41 04/03/2026","Cho thuê phòng trọ tại Yên Xá, 3,5 triệu, 22m2, 1PN, 1WC, full",3.5 triệu/tháng,22 m2,"Thanh Trì, Hà Nội","Phòng trọ xịn xò tại Đường Yên Xá, Phường Thanh Liệt, Hà Nội (Huyện Thanh Trì, Hà Nội cũ) đang chờ đón người ở mới. Với diện tích 22m2, phòng này…",https://phongtro123.com/cho-thue-phong-tro-tai-yen-xa-3-5-trieu-22m2-1pn-1wc-full-pr702375.html
"Thứ 4, 08:32 04/03/2026","Cho thuê phòng trọ cạnh công làng Ngọa Long,P.Minh Khai cũ– 3.5tr – Full nội thất – Giờ giấc tự do",3.5 triệu/tháng,20 m2,"Bắc Từ Liêm, Hà Nội",PHÒNG ĐẸP FULL ĐỒ VỊ TRÍ ĐẮC ĐỊA CHỈ XÁCH VALI VÀO Ở150m cách Ga tàu điện Minh Khai 50m tới bến xe buýt dọc đường 32 - Cách ĐH Công nghiệp 500m - Cách…,https://phongtro123.com/cho-thue-phong-tro-canh-cong-lang-ngoa-long-p-minh-khai-cu-3-5tr-full-noi-that-gio-giac-tu-do-pr702254.html
"Thứ 3, 21:55 03/03/2026",CHÍNH CHỦ CHO THUÊ PHÒNG 6C ĐỊNH CÔNG – PHÒNG MỚI FULL ĐỒ!,4.3 triệu/tháng,12 m2,"Hoàng Mai, Hà Nội","Địa chỉ: Số 6C, ngách 116, ngõ 245 Định Công.(Gần ngay ĐH Bách Khoa, NEU, Xây Dựng, ĐH Y, Bệnh viện Bưu Điện, Chợ Xanh...).ĐIỂM NHẤN CỰC ""ĂN…",https://phongtro123.com/chinh-chu-cho-thue-chung-cu-mini-6c-dinh-cong-phong-moi-full-do-pr702338.html
"Thứ 3, 08:29 03/03/2026",Studio đầy đủ tiện nghi - giờ giấc tự do,3 triệu/tháng,18 m2,"Nam Từ Liêm, Hà Nội","vệ sinh khép kín - giờ giấc tự do, khoá vân tayNhân Mỹ - Mỹ Đình (322 Mỹ Đình) - 18m2- Phòng khép kín, có đầy đủ điều hoà, nóng lạnh, tủ lạnh, máy…",https://phongtro123.com/studio-day-du-tien-nghi-gio-giac-tu-do-pr702033.html
"Thứ 2, 19:27 02/03/2026",cho thuê phòng trọ giá rẻ địa chỉ số 1 ngõ 145 đình thôn,3.3 triệu/tháng,22 m2,"Nam Từ Liêm, Hà Nội","CHO THUÊ PHÒNG – SỐ 1 NGÕ 145 ĐÌNH THÔN, MỸ ĐÌNH Địa chỉ: Số 1 ngõ 145 Đình Thôn, phường Mỹ Đình 1, quận Nam Từ Liêm, Hà Nội Thông tin…",https://phongtro123.com/cho-thue-phong-tro-gia-re-dia-chi-so-1-ngo-145-dinh-thon-pr702259.html
"Chủ Nhật, 09:48 01/03/2026",Cho thuê phòng trọ long biên khép kín,4.5 triệu/tháng,30 m2,"Long Biên, Hà Nội","Apartment Hồng Tiến – Bồ Đề - MỚI TINH – FULL ĐỒ THANG MÁY - PCCC Hiện ĐạiPhòng ban công sau nhà nhìn sang HC Goden giá 5trPhòng giữa giếng trời thoáng ,…",https://phongtro123.com/cho-thue-phong-tro-long-bien-khep-kin-pr702169.html
"Chủ Nhật, 09:36 01/03/2026",Cho thuê phòng trọ khép kín khu vực long biên,2.6 triệu/tháng,30 m2,"Long Biên, Hà Nội",Đh nl đầy đủNội thất mớiGiờ giấc tự doĐiện nước giá dân phòng thoáng,https://phongtro123.com/cho-thue-phong-tro-khep-kin-khu-vuc-long-bien-pr702168.html
"Chủ Nhật, 08:36 01/03/2026","TRỐNG PHÒNG - KĐT LIDECO, HOÀI ĐỨC. Tuyến 16 – Phòng VSC như ảnh. Giá: 2.2 triệu/tháng",1.9 triệu/tháng,30 m2,"Hoài Đức, Hà Nội","TRỐNG PHÒNG - KĐT LIDECO, HOÀI ĐỨCTuyến 16 – Phòng VSC như ảnhGiá:1,9 triệu/thángĐầy đủ nội thất: giường, tủ, đệm, điều hoà, nóng lạnh, máy…",https://phongtro123.com/trong-phong-kdt-lideco-hoai-duc-tuyen-16-phong-vsc-nhu-anh-gia-2-2-trieu-thang-pr694460.html
"Chủ Nhật, 08:34 01/03/2026","CHO THUÊ PHÒNG ĐẸP GIÁ 2,9 TR NGÕ 41 ĐÔNG TÁC, KIM LIÊN ĐỐNG ĐA, FULL ĐỒ",2.9 triệu/tháng,30 m2,"Đống Đa, Hà Nội","CHO THUÊ PHÒNG RẺ 2,9 TR TẠI Số 24 ngõ 41 Đông Tác, Kim Liên, Đống Đa. Đi bộ ra Vincom Phạm Ngọc Thạch, ĐH Y, Bệnh viện Y Hà Nội, Gần, Bách Kinh…",https://phongtro123.com/cho-thue-phong-dep-gia-3-3-tr-ngo-41-dong-tac-kim-lien-dong-da-full-do-pr699389.html
"Thứ 7, 20:32 28/02/2026",Cho thuê phòng trọ điện nước giá dân,2.35 triệu/tháng,14 m2,"Hoàng Mai, Hà Nội",NHƯỢNG PHÒNG CHUYỂN CÔNG TÁC ( KHÔNG CHUNG CHỦ ) Vệ sinh chung 2 phòng 1 nvs - đối diện phòng là 1 chị đã đi làm ở rất sạch sẽ (nhà có 4 người ở đều…,https://phongtro123.com/cho-thue-phong-tro-dien-nuoc-gia-dan-pr702154.html
"Thứ 7, 15:04 28/02/2026",Cho thuê phòng trọ thôn Yên Vĩnh. Ưu tiên cho khách chốt sớm,2.4 triệu/tháng,25 m2,"Hoài Đức, Hà Nội","Lì xì cho khách chốt sớm.Cho thuê nhà trọ – Ở được ngay.Địa chỉ: Yên Vĩnh, Hoài Đức, Hà Nội (sau trường THCS Kim Chung)- Diện tích: 25m² mặt sàn,…",https://phongtro123.com/cho-thue-phong-tro-thon-yen-vinh-uu-tien-cho-khach-chot-som-pr702135.html
"Thứ 7, 12:48 28/02/2026",Trọ đẹp ngay ga văn quán ️️,3.3 triệu/tháng,20 m2,"Hà Đông, Hà Nội","Gần các trường ptit, hau, kma, vutm...Nằm ở mặt đường to 2 làn ô tôĐầy đủ đh, nl, vskk, máy giặt riêng trong phòng, cửa sổ to thoáng mát đủ ánh sáng…",https://phongtro123.com/tro-dep-ngay-ga-van-quan-pr702131.html
"Thứ 7, 09:47 28/02/2026","CHÍNH CHỦ CHO THUÊ PHÒNG – Ở NGAY! Giá 3tr8, 4tr3",4.5 triệu/tháng,20 m2,"Nam Từ Liêm, Hà Nội","CHÍNH CHỦ CHO THUÊ PHÒNG – Ở NGAY! Giá 3tr8 - 4tr3Hiện mình còn căn hộ CCMN cho thuê, phù hợp sinh viên, người đi làm hoặc cặp vợ chồng trẻ.Ngay cạnh CĐ…",https://phongtro123.com/chinh-chu-cho-thue-can-ho-chung-cu-mini-o-ngay-gia-3tr8-4tr3-hien-minh-con-can-ho-ccmn-cho-t-pr702113.html
"Thứ 7, 08:11 28/02/2026","CHO THUÊ PHÒNG TRỌ GIÁ RẺ 2,5 tr – ĐƯỜNG THÚ Y, XÃ ĐỨC THƯỢNG, HOÀI ĐỨC, HÀ NỘI",2.5 triệu/tháng,30 m2,"Hoài Đức, Hà Nội","CHO THUÊ PHÒNG TRỌ GIÁ RẺ – ĐƯỜNG THÚ Y, XÃ ĐỨC THƯỢNG, HOÀI ĐỨC, HÀ NỘIBạn đang tìm một nơi ở thoải mái – sạch sẽ – giá cực mềm? Đừng…",https://phongtro123.com/cho-thue-phong-tro-gia-re-2-5-tr-duong-thu-y-xa-duc-thuong-hoai-duc-ha-noi-pr696924.html
"Thứ 7, 02:44 28/02/2026",CHO THUÊ PHÒNG TRỌ 3TR5 Ngay ga minh khai,3.5 triệu/tháng,30 m2,"Bắc Từ Liêm, Hà Nội","Phòng 3tr5 đủ nội thất ở dk luônNhà xe rộng, ở 4 người 4 xeLh.0966501615 zl",https://phongtro123.com/cho-thue-phong-tro-3tr5-ngay-ga-minh-khai-pr702108.html
"Thứ 6, 19:30 27/02/2026","Chính chủ cho thuê 2 phòng đủ nội thất, chỗ nấu,WC mới khép kín, cầu thang riêng, gần chợ,…",2.5 triệu/tháng,40 m2,"Hoàng Mai, Hà Nội","- Hai phòng riêng biệt, có khoá, đấy đủ điều hoà, tủ, giường. Một phòng 25 m2, một phòng 15 m2.- WC mới, khép kín, rộng thoáng, đầy đủ bình nóng lạnh,…",https://phongtro123.com/chinh-chu-cho-thue-2-phong-du-noi-that-cho-nau-wc-moi-khep-kin-cau-thang-rieng-gan-cho-truong-dh-2-pr701857.html
"Thứ 6, 17:26 27/02/2026",Trung Tâm Phúc La – Phòng Đẹp 4 Triệu – Full Nội Thất – Đi Bộ Ra Viện 103 & Chợ Yên Phúc,4 triệu/tháng,28 m2,"Hà Đông, Hà Nội","Cho thuê phòng tầng 4, full đồ, giá ~4 triệu/tháng tại Phúc La – Hà Đông.– Gần Bệnh viện 103– Gần Trường Tiểu học & THCS Văn Yên– Gần chợ Yên…",https://phongtro123.com/trung-tam-phuc-la-phong-dep-4-trieu-full-noi-that-di-bo-ra-vien-103-cho-yen-phuc-pr702090.html
"Thứ 6, 17:22 27/02/2026",Phòng Full Đồ 4 Triệu – Gần Viện 103 – Ô Tô Đỗ Cửa – 2 Mặt Tiền Thoáng – Ở Là Thích!,4 triệu/tháng,28 m2,"Hà Đông, Hà Nội",Cần tìm người thuê phòng sạch đẹp – ở là mê ngay từ lần xem đầu tiên!Trung tâm Phúc La – Hà ĐôngGần Bệnh viện Quân y 103Gần Trường Tiểu học…,https://phongtro123.com/phong-full-do-4-trieu-gan-vien-103-o-to-do-cua-2-mat-tien-thoang-o-la-thich-pr702089.html
"Thứ 6, 15:49 27/02/2026",Cho thuê phòng 1 ngủ 1 khách mới tinh,5.6 triệu/tháng,35 m2,"Bắc Từ Liêm, Hà Nội","Cho thuê phòng đầy đủ nội thất, sạch sẽ thoáng mátkhông chung chủ, giờ giấc tự dogần các trường đại học mỏ, sư phạm, ngoại ngữ ,báo chíGiá:…",https://phongtro123.com/cho-thue-phong-1-ngu-1-khach-moi-tinh-pr702080.html
"Thứ 6, 15:39 27/02/2026",phòng trọ đẹp tại ngõ 622 Minh Khai - sát Timecity,3.5 triệu/tháng,25 m2,"Hai Bà Trưng, Hà Nội","phòng trọ chính chủ, khép kín, sạch sẽ, thoáng mát có sân rộng,sát T2 Timecity, chổ để xe có mái che, đường vào là ngõ rộng.ưu tiên ở lâu dàiGiá:…",https://phongtro123.com/phong-tro-dep-tai-ngo-622-minh-khai-sat-timecity-pr702079.html
"Thứ 6, 12:26 27/02/2026","Cho thuê phòng ( 1K + 1N) đường ôtô, Khu đấu giá yên xá,Hà Đông,gần viện 103, ĐH kiến trúc",4.9 triệu/tháng,35 m2,"Hà Đông, Hà Nội","Cho thuê phòng ( 1 khách + 1 ngủ ) đường ôtô, Khu đấu giá yên xá gần viện 103, ĐH kiến trúcFull nội thất, ban công, thang máy, điều hòa, bình nóng lạnh,…",https://phongtro123.com/cho-thue-phong-1-khach-1-ngu-pr702046.html
"Thứ 6, 10:35 27/02/2026","39 YÊN XÁ 1N1K FULL ĐỒ, NGAY VIỆN 103, K TÂN TRIỀU, HỒ VĂN QUÁN",4.8 triệu/tháng,30 m2,"Thanh Trì, Hà Nội","Nhà trọ cho thuê tại Đường Yên Xá, Phường Thanh Liệt, Hà Nội (cũ: Huyện Thanh Trì, Hà Nội) với diện tích 30m2, 1 phòng ngủ và 1 toilet. Nội thất đầy…",https://phongtro123.com/39-yen-xa-1n1k-full-do-ngay-vien-103-k-tan-trieu-ho-van-quan-pr701737.html
"Thứ 6, 10:34 27/02/2026","104 THANH BÌNH FULL ĐỒ, NGAY ĐH KIẾN TRÚC, BƯU ĐIỆN HÀ ĐÔNG, PTIT",3.8 triệu/tháng,25 m2,"Hà Đông, Hà Nội","Nhanh tay sở hữu nhà trọ Đường Thanh Bình, Phường Hà Đông, Hà Nội (cũ: Quận Hà Đông, Hà Nội) với diện tích 25m2, 1 phòng ngủ và 1 toilet. Nội thất đầy…",https://phongtro123.com/104-thanh-binh-full-do-ngay-dh-kien-truc-buu-dien-ha-dong-ptit-pr701742.html
